#{"t_start": 1642089423.827873, "env_id": "Walker2d-v2"}
r,l,t
6.696443,21,15.881221
4.711246,27,15.939306
4.022024,21,15.986635
7.912911,26,16.041267
5.270276,22,16.377434
5.545935,19,16.419243
-1.741321,16,16.455542
1.353515,17,16.492282
3.918792,16,16.528103
4.618849,45,16.643095
3.154086,14,16.6806
5.460213,34,16.750791
3.344998,13,16.784505
0.185905,21,16.867117
-2.148187,9,16.890469
-0.990057,10,16.913246
5.742911,17,16.950208
-4.482426,16,16.986206
3.077559,21,17.031574
-0.782342,16,17.11704
1.44951,16,17.153486
-0.865992,14,17.185471
-1.080683,10,17.209146
0.80527,10,17.232118
1.185901,26,17.286226
-2.822464,8,17.308879
3.765206,19,17.414394
-4.785574,20,17.459202
-0.073626,12,17.488434
2.313802,24,17.539102
-1.901544,23,17.589975
3.087007,17,17.629042
-3.084307,23,17.756817
11.004469,28,17.816598
4.132975,18,17.858326
1.794516,18,17.897999
-10.189808,17,18.024381
13.359021,26,18.080412
-0.309991,51,18.18601
1.480799,17,18.230633
7.467609,21,18.373772
-8.317946,16,18.410124
-1.621073,9,18.432496
3.862415,16,18.466604
4.291467,21,18.51155
1.959937,15,18.545999
11.015255,44,18.749929
-5.658389,15,18.788925
7.434464,28,18.847541
21.326519,39,19.779443
-3.271426,42,19.870865
-0.229563,13,19.906555
21.159283,37,20.114825
-1.167288,13,20.150074
-1.586199,19,20.191496
1.532844,23,20.242126
-7.090537,15,20.278287
-0.589587,27,20.479268
-0.267986,10,20.505351
-0.708259,25,20.556782
3.405,15,20.592127
2.328592,28,20.649646
5.728763,29,20.863654
-2.262045,27,20.922535
2.802488,31,20.989834
-4.748418,39,21.230179
3.20986,20,21.278067
6.101701,17,21.316056
1.35752,15,21.349897
9.490174,23,21.398563
-2.078431,9,21.422138
2.336699,18,21.633486
16.857199,29,21.694592
-4.193938,11,21.723449
-1.825015,9,21.744623
2.518958,21,21.788314
1.747143,17,22.010379
4.410788,23,22.059344
6.610621,24,22.111164
-1.407307,10,22.136653
5.934456,28,22.194172
9.611689,23,22.441156
5.872057,18,22.4816
1.254253,13,22.511564
0.615839,17,22.548622
18.999392,34,22.618761
1.579897,14,22.862251
4.793224,28,22.919901
-3.080576,21,22.967551
2.313506,13,22.998394
2.495671,14,23.029566
4.601959,17,23.283896
11.640097,36,23.358828
2.420868,17,23.400431
-3.956479,8,23.420931
1.143201,16,23.454671
10.800866,34,24.483094
4.841104,19,24.527712
7.265189,21,24.573379
1.804172,12,24.601971
-3.090025,18,24.640792
-7.351102,23,24.923773
-0.532319,9,24.946448
-2.169523,12,24.972193
-2.439393,17,25.007761
-2.041874,16,25.042518
0.62826,10,25.065989
9.761579,38,25.386179
2.189416,13,25.419373
-1.116514,15,25.452081
-2.112584,9,25.473675
-3.475887,40,25.552992
3.227785,18,25.869546
-1.64236,10,25.894034
-1.579812,12,25.920533
-9.197197,34,25.990168
-0.372638,15,26.027373
3.666724,13,26.056965
11.48734,28,26.394905
0.700896,15,26.431182
2.457502,13,26.460694
-2.232976,14,26.491464
-1.232465,18,26.530367
8.514915,31,26.885855
5.105469,18,26.929263
2.5031,30,26.991851
0.118352,17,27.031894
-4.018608,15,27.065403
10.335263,26,27.422718
0.895694,14,27.456348
-6.031698,21,27.500781
-6.684871,30,27.563837
-0.025535,30,27.943944
-0.226541,9,27.968747
2.507307,24,28.018764
-2.788889,13,28.050631
-9.623418,24,28.100809
-1.789001,11,28.128065
-2.827108,19,28.49563
-1.562734,10,28.520207
-3.838365,15,28.552938
-2.426914,26,28.607306
6.52975,18,28.648768
1.244543,17,28.686636
5.597115,22,29.073282
-5.044563,16,29.109491
-0.997003,16,29.145093
-0.978295,10,29.16898
0.078397,18,29.207384
4.334778,27,29.617876
1.552208,14,30.380376
-1.546806,12,30.407913
-0.259684,16,30.442483
-3.954334,20,30.485281
1.712226,32,30.552015
-3.949652,20,30.963648
-4.016754,37,31.040594
4.605093,26,31.099603
-0.149045,27,31.555594
-4.128609,14,31.589446
-8.15533,19,31.630568
-0.32045,23,31.680516
7.208828,31,31.745911
-5.611877,12,32.162202
16.142596,40,32.24328
11.469173,32,32.316458
-2.354461,12,32.348119
-0.289351,20,32.787321
-3.357824,37,32.863716
2.261107,15,32.901663
0.376938,13,32.931471
0.488352,17,32.968553
1.168721,17,33.413307
4.593737,21,33.458864
-1.423778,9,33.482207
6.25996,22,33.527844
-0.26464,13,33.558896
-2.968685,8,33.578611
2.420095,25,34.051762
-4.536725,11,34.079272
-1.929206,11,34.104461
-5.577195,30,34.165475
-11.315816,30,34.230744
1.089073,16,34.70031
4.713118,23,34.749911
8.342089,34,34.826943
3.552848,15,34.864286
5.297389,26,35.360546
13.438531,44,35.452303
-0.966634,15,35.491441
-1.018783,10,35.515108
3.312985,17,35.551275
-0.229017,14,36.036009
4.746427,25,36.088617
-3.261379,13,36.120017
3.259742,21,36.164456
6.816138,25,36.218372
-4.336149,21,37.466696
19.50418,34,37.53731
14.118204,26,37.596002
9.079636,22,37.645939
-0.141234,27,38.177419
-0.180424,16,38.215381
-1.829359,11,38.241572
0.262011,11,38.266942
5.607942,24,38.316791
0.386783,15,38.35196
1.727262,14,38.871747
1.415284,15,38.905155
-1.456927,15,38.938648
-0.249732,12,38.966075
-1.900024,9,38.987461
6.756984,30,39.048794
-1.982372,15,39.587395
-7.235376,16,39.622977
-12.980742,21,39.667922
3.947819,21,39.714381
2.25589,24,39.76601
47.33646,60,40.39928
-3.415941,24,40.459229
2.621615,15,40.49459
1.41606,25,41.068173
-2.240883,14,41.101655
0.004979,10,41.125378
-3.788711,23,41.173348
-0.2608,18,41.21391
7.958184,32,41.811383
2.198942,13,41.844669
6.781275,21,41.889412
1.392723,15,41.923341
-3.732016,13,41.952469
-5.076144,18,41.99081
-1.134065,18,42.575634
2.131144,15,42.609784
18.004686,40,42.690998
-5.048608,24,42.746386
-12.882132,18,42.787912
-3.425231,16,43.379267
4.357745,31,43.44357
2.936718,16,43.482332
-2.609519,7,43.50078
3.119058,18,43.538258
-3.665528,29,44.168718
0.094725,11,44.19712
-0.469489,16,44.231629
-0.457559,32,44.298019
-5.295213,24,44.351998
-3.923233,8,45.754327
-3.500571,14,45.784281
-2.366968,13,45.813351
6.948648,25,45.865214
5.196477,25,45.919738
5.402913,18,46.552041
19.916589,50,46.65278
-3.146724,10,46.68367
0.458873,13,46.712324
2.408165,20,46.755306
2.575425,30,47.426622
-0.093127,12,47.45724
-3.41275,37,47.531875
1.563221,16,47.572237
-1.050676,15,48.223235
0.026067,12,48.25066
0.457428,25,48.302574
-3.798877,13,48.334807
2.395814,15,48.367659
3.379631,19,48.408484
0.206306,17,49.071702
4.485008,13,49.101863
1.158618,12,49.129151
8.193863,48,49.22468
-1.337121,12,49.258712
8.121786,20,49.940015
9.673776,27,49.99717
1.791349,31,50.063682
-5.666542,14,50.098224
-2.295067,28,50.805133
0.083928,20,50.85091
-0.66774,11,50.877745
-0.305028,16,50.912452
-8.476259,25,50.965937
-8.546288,22,51.674094
-2.436919,29,51.736003
2.281494,12,51.766146
24.857771,49,51.864134
-4.318603,7,52.559885
-4.807589,12,52.585762
1.110359,13,52.614594
-2.297976,11,52.640341
5.812244,20,52.682395
1.148484,11,52.70904
-1.97511,30,52.770136
-0.011828,13,53.486631
19.981171,28,53.544256
2.080305,12,53.574517
3.089707,27,53.630176
11.686798,35,55.116695
0.309802,11,55.146268
1.159118,28,55.204176
-1.214193,13,55.236716
-6.315598,18,55.275709
-0.211814,27,56.045687
-2.536514,25,56.100598
1.4556,15,56.135966
10.221379,36,56.209931
0.512425,21,56.976144
-2.82645,10,57.001107
1.36057,17,57.037358
8.311318,20,57.080596
-5.646256,22,57.127996
-2.299412,27,57.916466
3.10355,29,57.979149
-5.077934,20,58.02539
-2.194084,9,58.048138
0.535654,12,58.074538
4.614602,17,58.11118
-4.196706,15,58.885481
6.982075,39,58.968826
8.389387,21,59.018512
1.135528,16,59.055091
-1.470743,10,59.07937
0.852842,45,59.922637
6.507089,28,59.98855
6.726494,27,60.048019
7.140932,33,60.878916
-4.306746,11,60.908219
-3.371759,11,60.933609
1.193957,32,60.998746
1.599651,12,61.030418
5.025792,15,61.874024
-3.271218,14,61.906009
-0.190959,11,61.932356
2.479807,16,61.967551
8.834864,24,62.019416
4.194687,30,62.876103
-0.757481,15,62.912485
-3.154753,17,62.949922
0.719303,12,62.97813
-1.585499,10,63.001272
-1.859292,15,63.033485
4.011816,18,63.073068
-1.827804,13,63.901726
-2.950702,10,63.925273
3.009725,13,63.953642
3.200372,15,63.986724
-1.471251,14,64.01779
-2.497871,27,64.073942
-0.237497,25,65.661552
-0.029751,12,65.690364
5.427735,18,65.727466
-10.098379,20,65.769742
5.050001,15,65.803329
-1.598297,17,65.839894
4.700093,22,66.694283
3.113593,22,66.742092
-0.123286,15,66.777271
8.451459,20,66.820705
12.256442,25,66.874347
1.354282,12,67.74451
2.874587,22,67.790694
11.266003,19,67.833482
-0.891776,10,67.857908
5.320827,21,67.901652
-1.380307,28,68.809426
2.58176,14,68.843435
6.689082,36,68.91663
0.656154,12,68.948644
-2.306205,23,68.996382
4.882814,26,69.919765
0.487487,10,69.945818
6.018979,17,69.982016
-0.078125,20,70.025262
9.144269,23,70.07478
-3.999539,9,70.098435
-4.464542,20,71.014582
-4.22438,17,71.052836
4.366143,34,71.122708
-2.408971,14,71.158305
6.574366,21,71.202494
6.305363,31,72.150923
11.022638,26,72.209053
0.61311,30,72.2739
-6.702175,11,72.302382
3.57844,19,73.236184
17.27492,30,73.299934
1.126697,22,73.34943
18.86074,41,74.334773
-4.443874,21,74.384987
-1.332796,10,74.410444
18.427853,34,74.479121
0.229593,11,74.50843
-0.197343,12,74.535173
24.406717,43,75.540936
-0.048941,13,75.576631
-2.730397,16,75.611294
1.370498,28,75.670103
1.910937,20,77.381644
1.221857,15,77.416147
-1.331404,23,77.465067
0.876349,16,77.501586
21.951446,43,78.52187
0.424624,14,78.55894
-2.22811,8,78.57867
7.176176,33,78.645184
-5.660265,16,78.684652
0.967544,24,79.680632
0.536839,14,79.713614
14.726543,26,79.768847
8.748714,30,79.833263
-1.223255,19,79.877219
2.208292,15,80.865725
-0.033208,16,80.901094
-7.979824,17,80.93858
-1.59239,22,80.985652
7.774036,31,81.050581
-0.918767,14,82.055635
2.469957,11,82.081234
3.37977,18,82.119165
-0.383971,14,82.1512
7.201392,36,82.224344
-1.724714,32,83.277056
10.806616,44,83.369124
-4.118997,27,83.431062
-4.257993,11,84.44694
-1.093951,12,84.474003
-0.676516,19,84.51414
0.795581,16,84.549639
3.74917,14,84.581061
3.143984,15,84.614453
-1.336106,12,84.642102
4.092998,19,85.686108
-1.003876,19,85.73045
3.950092,16,85.767867
17.777222,39,85.847718
-2.853488,12,85.880586
1.786044,20,86.93891
-0.706946,16,86.975412
0.079017,14,87.006846
-6.368881,15,87.039475
-4.552996,10,87.063001
4.632037,17,87.099172
-2.83231,15,88.163157
-1.100042,12,88.190624
4.446804,19,88.231104
-2.419058,9,88.254069
0.534216,11,88.278503
0.944781,11,88.303277
3.567459,22,88.348114
22.82562,54,90.217937
-0.507965,17,90.263138
-1.654263,26,90.317894
-2.708605,26,91.396598
2.54261,14,91.429316
5.524567,19,91.468793
1.303607,13,91.497824
0.092437,17,91.53341
-2.443059,12,91.56036
-0.234473,33,92.687231
13.529028,29,92.750941
-4.184645,31,92.817045
-4.766063,30,93.957639
9.617655,22,94.00735
-2.340196,8,94.028777
21.306039,45,94.117364
-2.057097,11,94.149536
0.326703,19,95.273618
-1.873616,18,95.313225
1.217547,21,95.358636
1.331632,11,95.385601
4.905686,32,95.451041
-5.375971,22,96.595933
-1.99596,21,96.641877
-2.091945,12,96.670192
2.593602,33,96.737026
1.633363,34,98.023821
17.60973,31,98.09239
-3.064781,8,98.11665
2.45847,22,98.162943
-2.923473,10,98.1888
4.751731,21,99.352312
-3.4715,12,99.381196
0.869269,14,99.411828
-1.389117,17,99.449087
0.781021,15,99.482812
-0.56993,16,99.51817
1.755648,14,100.647315
-3.652422,18,100.685567
-1.062365,20,100.727322
-3.643872,26,100.781701
-7.940327,21,100.82682
2.063688,17,101.96957
2.548351,25,102.02053
-1.649856,10,102.045544
1.562583,20,102.085853
3.105021,20,102.127937
-3.680467,20,102.170691
0.10157,21,104.160094
-1.896995,8,104.181156
9.193495,25,104.231768
19.003807,47,104.328108
1.003366,22,105.548798
2.607203,14,105.582339
4.19597,28,105.641685
-0.728878,14,105.676642
4.748593,26,106.929803
-0.863204,15,106.965287
-2.642998,13,106.994626
-0.827307,27,107.050538
0.284291,10,107.077685
6.712311,19,107.117531
10.900925,33,108.376751
-1.202292,28,108.438724
8.826491,19,108.482797
7.202638,35,109.749616
6.168325,19,109.796423
0.737455,16,109.832628
5.806286,27,109.889309
3.771371,17,109.928532
10.290201,35,111.201422
3.046528,30,111.268506
10.960584,35,111.342676
-6.167872,15,111.380174
1.079788,24,112.651646
3.452502,22,112.700147
-0.317854,25,112.753842
-3.063782,16,112.790666
-1.995276,11,112.816346
-1.935802,20,114.089676
15.333569,31,114.154711
7.226996,32,114.223246
-6.121598,23,114.27497
-0.134925,13,115.548122
5.934188,34,115.617422
0.486201,16,115.656713
-3.511134,31,115.72266
-5.616751,19,117.018451
-2.089066,18,117.058232
-4.483243,42,117.143991
-1.844395,11,117.175779
-1.885442,20,119.199547
2.538176,17,119.238632
3.069892,16,119.274272
7.339531,26,119.328779
-1.036025,24,119.381394
-3.500946,19,120.693611
-8.497562,15,120.727293
1.569435,17,120.764196
-6.185056,12,120.791938
-4.63707,14,120.822647
8.093463,20,120.864968
11.251306,23,122.194839
-7.460438,12,122.223736
-3.685089,22,122.269621
-0.646136,31,122.334853
-4.063298,20,122.380282
0.675657,25,123.728187
-0.927121,9,123.752247
11.602705,51,123.852834
18.608482,56,125.274696
-1.340957,15,125.315973
1.800236,12,125.343934
1.310189,14,125.374615
-1.784088,25,125.426407
-6.16577,23,126.793603
0.428346,11,126.821357
6.54959,18,126.859291
0.409934,11,126.885227
2.808992,38,126.961396
1.442687,29,128.353417
-0.917298,31,128.42025
9.514521,36,128.496381
0.623802,17,129.872244
6.573106,21,129.917428
-5.926542,28,129.97635
1.728246,14,130.010107
7.032668,38,131.430181
1.961675,12,131.462422
1.029717,13,131.491137
-6.094503,22,131.5372
2.510508,11,131.564242
-0.719758,22,131.610222
4.567972,25,133.019458
13.463754,29,133.081288
-3.587603,15,133.117562
0.085932,16,133.153036
3.36654,18,133.192196
9.517555,23,135.338418
-5.401229,12,135.36745
3.393727,32,135.432793
-1.968955,17,135.473241
8.776363,22,136.904864
0.033086,12,136.934138
1.345569,13,136.963273
0.680216,14,136.993738
-1.542514,22,137.040224
-4.505056,11,137.066959
-2.731633,9,137.088156
5.84613,26,138.540403
1.48313,16,138.578031
-0.83716,27,138.634721
-0.866889,23,138.686065
2.764627,14,138.718944
-1.240422,21,140.204246
0.50503,15,140.239654
1.435445,30,140.303331
5.818658,17,140.345147
-0.372518,16,140.381367
7.373428,23,141.861184
-1.084456,17,141.900466
7.058549,32,141.966807
6.25319,30,142.03217
3.470262,18,143.501897
-4.682946,23,143.551283
17.789975,26,143.606678
-3.037538,21,143.653303
0.668455,12,143.681463
-4.246131,18,145.130888
2.060934,13,145.161071
-1.996933,20,145.203495
1.81763,11,145.230032
21.125175,37,145.303992
12.286712,31,146.828723
-4.28553,14,146.86343
-1.252667,27,146.91932
0.937599,15,146.955632
10.874014,39,148.499429
-6.084344,17,148.541511
-0.503244,10,148.565505
4.764482,24,148.614593
2.800281,21,148.661329
-0.286071,15,150.169876
0.497894,12,150.197351
2.495061,28,150.255086
-1.113914,17,150.294668
7.892579,28,150.352859
1.911342,25,152.778802
-4.809253,18,152.820354
-3.415403,13,152.850307
-1.535082,12,152.877748
4.172946,17,152.914228
-6.125343,17,152.951865
4.137272,18,154.488168
0.24172,18,154.527479
3.888854,16,154.563536
-4.7658,18,154.603336
-3.352199,17,154.641226
-0.18344,26,156.200459
-1.442846,14,156.23401
-1.965225,11,156.259835
-3.141407,26,156.313332
2.001958,16,156.350809
2.123197,28,156.409078
2.370306,24,157.984778
14.334828,29,158.046697
0.550823,15,158.082857
4.583243,16,158.11798
7.214935,18,158.15738
0.556751,14,159.721058
5.584928,26,159.774818
-3.604481,21,159.821981
18.041205,53,161.471917
-0.752383,13,161.508745
-2.655376,13,161.537666
-1.069239,13,161.566688
1.490574,14,161.597992
6.789349,20,161.640805
-1.135046,26,163.248239
0.599465,28,163.308182
0.799269,18,163.350072
-0.361579,16,163.385784
1.237619,36,165.026616
1.867847,13,165.060287
5.205491,29,165.120342
3.527975,22,165.169763
0.492767,17,165.20791
5.552403,19,166.826159
0.766587,10,166.850955
2.462147,17,166.88678
0.431571,29,166.946854
-0.717579,8,166.969286
0.554755,15,167.001054
-1.866894,15,168.624197
-5.722516,19,168.664882
-3.171535,26,168.719573
14.518663,27,168.778767
3.600579,13,168.810554
6.887945,18,171.375299
2.097121,15,171.409135
9.408216,30,171.471412
-3.473804,8,171.494493
8.278001,26,171.547503
-0.136213,29,173.22212
1.025245,22,173.272162
-1.523554,20,173.317812
-0.321055,17,173.35683
3.385545,20,173.401012
14.242134,23,175.115223
1.739332,16,175.152121
12.086935,22,175.198798
-0.827215,24,175.250552
1.405476,19,175.293529
-4.561319,18,176.973969
-2.117245,22,177.019417
-1.383121,13,177.0498
3.940123,17,177.085644
-0.584505,10,177.108911
2.702617,15,177.13997
6.603384,33,178.807846
1.725882,15,178.845736
-5.707862,12,178.873246
9.335015,33,178.940463
-4.145936,16,180.649214
-1.904155,24,180.700197
15.512844,27,180.758012
-1.304348,16,180.795864
14.535172,33,182.533312
-0.028079,28,182.594981
1.281608,15,182.630758
-1.764143,13,182.659823
-3.846662,19,182.700324
6.442681,29,184.439578
6.70109,19,184.483659
0.494707,34,184.553399
22.806782,48,186.341939
-6.401149,21,186.393386
-2.602992,9,186.416632
0.083381,18,186.45454
0.136662,12,186.482421
-0.270681,12,186.50961
2.03433,12,186.536306
-1.011998,16,188.273764
5.561436,17,188.31095
1.788226,14,188.343223
6.64574,34,188.412516
6.951712,19,188.45733
-5.533305,8,188.477851
0.406078,12,190.965419
-4.270676,25,191.017153
-0.662664,22,191.066751
5.055316,19,191.108996
15.10827,25,192.889886
1.981921,19,192.933105
2.313019,14,192.965155
23.251745,47,193.058703
2.750695,33,194.86625
5.991113,19,194.909651
-5.831305,14,194.94117
-2.31891,10,194.964242
-1.695463,10,194.98679
2.004025,34,196.78248
-0.270279,11,196.811793
-0.47008,17,196.847992
-4.782629,23,196.897206
0.791552,10,196.922344
4.341804,19,196.962276
2.661154,19,198.762757
-3.053503,11,198.789563
-0.400955,19,198.829678
10.271764,39,198.909858
4.194542,18,198.953343
4.329678,27,200.781565
-4.09161,15,200.817268
2.613401,20,200.860128
10.418233,32,200.926436
2.989636,18,202.747779
1.151302,13,202.777932
4.486393,34,202.846955
11.540183,26,202.905417
0.988092,15,202.941395
-6.16907,27,204.76342
-6.352699,22,204.812068
-1.714516,23,204.86198
-3.159962,18,204.902427
-6.10666,24,206.738712
-5.297613,12,206.767319
5.138353,23,206.81419
-6.557377,24,206.866294
-1.955855,20,206.912163
9.946677,37,208.814808
0.052487,30,208.880883
4.486994,26,208.938278
8.640446,20,208.98318
1.649648,14,211.68804
0.359074,11,211.712695
1.33572,14,211.742006
5.093563,21,211.784856
15.131691,39,211.862821
1.067693,14,213.683508
2.064137,12,213.71099
3.477085,13,213.739398
9.240631,45,213.828664
6.222664,30,215.687988
-4.0905,10,215.714084
4.375616,15,215.745172
6.249044,32,215.80847
-4.779604,19,215.85108
-0.289118,20,217.691688
5.634136,21,217.735861
1.859166,17,217.772599
1.755742,21,217.816057
-5.517905,38,219.697956
1.452189,23,219.750296
1.591624,18,219.789323
0.283282,21,219.833399
-1.359814,9,219.855708
-3.366853,10,219.877471
-4.066677,11,219.901056
2.282599,12,221.781366
0.989156,13,221.810558
3.025569,22,221.856497
1.860197,36,221.931104
-4.188522,11,221.960973
-0.063044,26,223.919052
3.276243,22,223.967829
6.727231,23,224.017586
0.948535,24,224.069451
5.162181,19,225.997258
2.629006,17,226.03414
0.493366,30,226.094275
7.046977,16,226.130986
-3.472862,25,226.181844
-4.362166,22,228.078194
1.851649,20,228.120791
-0.726178,13,228.150342
0.699814,20,228.191959
4.761814,16,228.227787
-1.014646,19,228.268467
-0.699964,18,230.197163
3.103605,13,230.226458
-1.342689,13,230.254229
3.282308,20,230.294881
12.098601,25,230.346198
1.267085,20,233.045905
2.449026,21,233.089903
0.033209,14,233.121516
2.683786,12,233.147722
-1.3843,14,233.17753
0.38625,18,233.214683
-4.514725,24,235.160033
3.369257,15,235.193949
-0.69037,13,235.222939
-2.689065,24,235.271361
-1.568299,13,235.301556
-3.53155,19,235.340772
2.598658,21,237.375798
-2.569812,16,237.41207
-10.696356,24,237.462748
4.089633,26,237.518414
22.064699,47,239.604963
2.440632,28,239.669231
0.275913,16,239.706809
4.789987,14,239.738086
6.3529,17,241.765197
-1.851591,19,241.806073
3.552965,28,241.865187
-2.855003,11,241.893756
-1.977191,25,241.945431
2.860759,17,243.989058
11.895249,38,244.066587
-8.422075,20,244.113787
0.653405,15,244.148309
-2.386729,35,246.224976
-2.513769,11,246.254425
4.993698,24,246.30406
1.77765,19,246.34673
3.162313,19,246.388312
-5.930746,14,246.42025
12.492966,33,248.512636
-4.507332,24,248.566644
0.444665,12,248.595632
-0.176521,21,248.639757
8.489553,20,250.717751
5.223678,31,250.78337
3.828277,21,250.83129
4.323138,24,250.883252
1.018117,24,252.972664
0.328775,29,253.034646
4.291878,19,253.078304
-4.743914,11,253.104661
-3.955261,17,253.140774
-4.398566,13,253.171169
2.291001,26,256.00859
2.819382,32,256.076584
-2.577889,10,256.103759
1.30692,25,256.155031
-0.493611,12,258.244961
-5.328575,19,258.284947
-0.251077,17,258.322422
-0.777513,23,258.371445
-6.880813,16,258.408179
1.212457,16,258.444333
3.564257,27,260.606094
-0.486247,10,260.6325
-3.12678,9,260.653414
-1.638729,27,260.70838
2.194217,17,260.747791
3.343443,22,262.89176
-1.464432,31,262.956996
-2.381762,9,262.981897
5.961122,22,263.026992
-1.079248,18,263.067864
1.665568,16,265.239616
-1.785473,12,265.267946
2.760936,16,265.302414
-2.388399,13,265.332601
0.208665,32,265.397295
0.493205,21,265.445685
0.245125,25,267.625219
2.004336,24,267.678164
-0.118549,28,267.738111
-1.038077,13,267.770167
3.830001,21,269.90102
-4.106589,11,269.928103
1.72446,46,270.020114
3.191456,23,270.075074
-5.753715,20,272.261857
0.210884,20,272.306749
-1.016443,17,272.346684
0.937888,23,272.397231
3.43528,24,272.45048
-2.547107,14,274.667252
-2.854207,11,274.692471
4.245325,24,274.742211
-3.566186,12,274.771729
4.874643,19,274.812699
-3.124966,11,274.839502
-5.069205,10,274.862399
-6.674573,19,277.067871
-0.23524,10,277.0926
-0.406221,13,277.120109
-3.797546,13,277.148128
1.322326,15,277.180897
13.228833,23,277.228334
3.472058,19,280.23522
4.370785,21,280.280731
0.400083,18,280.320919
-2.063201,8,280.341573
10.326181,23,280.388708
4.858484,38,282.649665
4.633903,19,282.694845
1.324341,12,282.723233
3.975956,19,282.763552
-3.496182,15,282.797506
-0.809771,10,282.82116
13.311699,44,285.105749
2.409651,16,285.14673
-2.707323,9,285.168769
10.661992,24,285.217641
-3.634392,18,285.258821
2.850003,14,287.503068
-4.459865,18,287.541728
1.365434,17,287.579649
15.088908,49,287.678531
10.129541,32,289.977231
3.014249,29,290.040772
14.872416,33,290.11117
-3.557154,12,292.368433
1.077278,14,292.39913
-3.236462,17,292.435783
1.297732,22,292.482385
0.313094,16,292.519338
-1.220584,12,292.547232
16.396297,41,294.870033
-3.304115,10,294.899385
-1.433519,14,294.929939
-1.681355,15,294.962865
4.520149,23,295.011441
-3.166934,18,297.315083
8.584841,38,297.394026
-1.426508,13,297.428246
12.011035,21,297.472803
10.893792,34,299.816754
-0.650074,12,299.848835
2.969985,18,299.889714
10.338525,25,299.942538
-2.09485,17,299.981852
1.875137,33,302.305068
2.538721,19,302.348151
2.710135,16,302.382759
4.395464,17,302.418749
-0.964002,21,302.462576
12.885701,28,305.703824
0.292696,21,305.75123
0.772095,19,305.793359
5.540331,26,305.848966
7.858638,47,308.254197
-2.806461,14,308.292702
0.74742,12,308.320092
-2.708916,24,308.370241
-10.590792,23,310.723143
-4.042009,18,310.764675
6.663351,27,310.821403
13.434654,28,310.881756
0.32896,24,310.933275
5.891181,61,313.289436
4.942586,20,313.339611
1.996968,17,313.37642
2.562312,32,315.745861
-7.944817,17,315.786237
-2.642646,8,315.806334
-3.082627,12,315.832787
-8.584931,35,318.23719
1.867887,14,318.272643
2.00678,14,318.303591
-4.794972,15,318.336704
-4.178865,24,318.38703
4.028889,16,318.424535
-4.427567,18,320.811518
-6.475976,10,320.83637
-7.215166,32,320.901198
0.293561,15,320.937812
1.215883,25,320.990263
1.875445,27,323.406594
22.498809,34,323.478953
5.239336,17,323.519804
22.024045,38,323.596568
-0.644914,18,326.020381
2.586535,18,326.05977
2.175369,12,326.087876
-0.788034,33,326.154711
7.798486,18,326.197696
4.261446,16,328.622861
5.286681,27,328.678889
-0.111361,14,328.712704
14.425727,24,328.763135
-0.405426,14,328.796051
16.007708,40,331.977563
-4.083098,23,332.03143
-3.157495,8,332.053033
3.940718,19,332.092378
-1.131115,17,334.551188
3.524481,25,334.603212
1.545947,16,334.640493
4.01175,15,334.673719
6.284827,23,334.721934
7.841031,21,337.182161
-5.567556,11,337.209224
-2.696531,27,337.264249
13.953721,39,337.345081
8.904584,35,339.877077
1.608553,13,339.910776
1.273622,11,339.936218
13.814656,32,340.001235
-0.224304,35,342.505265
6.258575,33,342.576729
0.168424,24,342.630802
1.791057,13,342.661925
-0.99755,16,342.696831
-0.547411,18,345.177228
12.764006,24,345.228193
-0.247635,13,345.25964
-0.356438,11,345.285172
1.816055,15,345.317786
0.810382,27,345.373532
0.022395,12,347.898187
13.417856,22,347.945058
-0.856873,41,348.031012
0.42537,12,348.06408
-6.663948,14,348.095098
3.249493,18,350.611131
-5.034687,26,350.666193
-4.798217,19,350.70936
-2.08918,10,350.733639
-1.309639,9,350.754038
0.767104,13,350.782378
-0.648888,18,353.29896
1.00147,19,353.340457
-1.094004,17,353.378253
-0.704294,32,353.444216
10.429279,44,356.031295
4.708729,22,356.084092
36.886212,50,356.185406
0.786481,21,359.468367
15.051885,27,359.525331
-1.487152,18,359.567229
6.112091,20,359.610824
-5.438974,21,362.179789
1.145085,15,362.214109
11.309868,23,362.262211
2.288857,15,362.297012
3.456608,23,362.345946
-2.44875,17,362.384277
1.892444,14,364.939615
7.571149,31,365.002894
1.069063,17,365.04363
2.385185,15,365.077368
2.822603,14,365.108791
2.564224,29,367.699736
3.479046,15,367.736044
7.863022,20,367.778622
5.583953,18,367.818401
4.594724,18,367.857844
-2.095784,10,367.882393
1.990103,14,370.459692
1.003746,26,370.513504
1.640004,15,370.548984
-0.433794,26,370.603469
-4.100499,19,370.646485
0.421149,10,373.231239
2.570065,24,373.280717
6.237521,17,373.32014
-1.045321,10,373.344448
-0.732652,22,373.389969
-3.669191,26,376.022977
-1.662225,10,376.049423
-2.736597,12,376.075755
-0.478263,28,376.133294
-6.452974,16,376.171152
0.270101,14,376.202891
-0.678195,21,378.834026
3.684306,14,378.866883
1.481105,16,378.901609
15.92811,28,378.960462
5.800061,24,379.013294
22.515234,37,381.69608
4.327481,27,381.757716
-2.912898,21,381.806556
-0.203692,26,381.863448
-1.116734,10,384.513604
2.865569,18,384.551564
5.751865,35,384.623809
5.049478,19,384.668613
-4.122263,8,384.689481
1.642384,13,388.109528
-4.957693,11,388.135228
4.89083,22,388.180799
-3.679353,16,388.217129
1.420035,14,388.248322
5.250567,14,388.279504
12.263783,27,390.960703
-2.911067,17,391.000416
2.914066,25,391.052902
0.905484,17,391.092015
0.966485,15,391.125462
-3.855151,20,393.803658
1.431139,29,393.864722
0.326891,11,393.893319
-0.51809,14,393.923894
2.563366,22,393.970233
-1.745625,15,394.00495
-2.388973,24,396.709811
-6.530448,24,396.761631
3.58049,14,396.794586
7.483489,38,396.871255
3.186538,15,399.570167
8.916599,27,399.625921
3.731198,13,399.657813
-3.374555,19,399.69781
1.595148,12,399.726236
0.635113,13,399.754992
3.302785,20,402.465016
-0.309002,12,402.493505
2.099926,23,402.541616
7.461141,23,402.591516
2.535347,14,402.624319
-2.162672,14,402.65524
0.341504,18,405.37091
0.712188,10,405.394987
-1.01243,23,405.442371
2.371991,15,405.476855
2.359499,16,405.512121
6.089525,17,405.549216
1.950435,15,408.27309
0.450121,21,408.317281
8.046604,21,408.364042
7.303673,24,408.415386
6.26928,20,408.460335
-0.558646,10,411.191551
-1.921196,26,411.244771
9.856103,20,411.290038
-2.224781,20,411.333673
-1.263012,13,411.363853
0.738225,15,414.089326
3.99364,17,414.126737
4.9458,17,414.16372
-1.587615,10,414.187921
-0.707485,10,414.210622
2.781288,23,414.257899
-0.05353,9,414.281168
1.627644,15,417.784142
2.181413,26,417.837794
3.761361,15,417.872679
8.693663,27,417.927683
1.798912,19,417.97023
4.361228,22,420.715231
-1.082905,10,420.739972
3.599935,20,420.781349
-0.578472,22,420.827868
2.135113,28,420.886338
1.861194,13,423.632095
-5.565528,19,423.671693
-2.428778,11,423.702335
16.704795,31,423.76435
-1.897848,13,423.795994
-1.958678,8,423.814954
1.427456,12,423.840486
5.774338,33,426.650242
4.270418,14,426.685308
4.347272,38,426.76062
-0.46406,13,426.794595
8.510646,21,429.602025
-1.898876,17,429.639345
9.585355,54,429.746449
6.075265,16,432.545634
-4.732566,13,432.575266
30.44676,43,432.659137
7.894856,23,432.711644
1.466795,16,432.747467
-4.989,17,435.558207
1.243344,15,435.590811
-2.197534,15,435.623223
5.481063,17,435.659008
-3.418961,18,435.697336
5.269469,14,435.728449
6.862968,32,438.577912
-2.139586,11,438.606313
-5.562853,21,438.650483
2.091201,13,438.680874
-4.11556,11,438.706165
7.974574,27,441.551987
-3.36137,27,441.610433
-4.969607,16,441.647509
3.855025,20,441.689884
11.968742,36,444.542054
5.449427,16,444.580256
3.676364,20,444.622015
-4.479784,15,444.65513
-1.599861,30,444.714402
15.695391,139,463.008891
60.930583,172,473.770907
103.172646,218,484.7159
73.664824,193,495.704622
48.652959,207,506.443742
148.452,322,527.915747
90.746141,191,538.927367
57.301959,157,544.605113
194.247723,344,566.494334
108.726935,206,583.789174
145.371048,215,594.67248
68.070768,156,605.700818
77.182463,171,611.529056
63.222175,127,622.152644
305.932075,184,627.970728
336.881502,214,649.976551
301.283598,180,655.445491
316.938682,195,666.012256
307.067786,185,676.937129
321.55652,194,687.74214
134.20789,179,706.194121
293.459704,171,717.083654
349.855937,205,728.05508
385.014332,237,739.126601
382.734824,200,750.115543
459.189197,245,768.456397
424.188334,217,784.845936
454.433472,216,795.930904
444.948959,197,807.002297
385.207421,180,822.663567
429.600034,225,833.871813
146.805873,174,845.000859
135.275649,167,850.674011
151.544038,202,861.814122
230.438168,126,872.940177
432.239524,229,889.52668
411.669065,269,901.074142
434.043183,371,923.36107
90.451134,108,929.097385
361.708887,215,945.1466
277.324162,153,956.260509
420.2439,229,967.869888
277.50983,144,979.220574
318.923513,162,985.171438
306.961889,174,996.601349
321.265287,200,1012.833655
285.331289,165,1024.298203
390.436818,269,1036.052929
143.320437,89,1041.759676
176.978867,97,1047.559898
262.203635,142,1058.918074
201.172005,112,1067.536872
155.238547,89,1073.338342
238.631222,157,1079.329819
242.743991,135,1090.823179
304.394853,181,1096.807537
374.276464,184,1108.427125
114.243638,79,1114.097366
141.324958,86,1119.69929
290.669706,170,1138.048418
354.491532,213,1149.787141
409.099282,253,1161.69003
355.738536,190,1173.455189
356.31104,205,1185.284908
936.202952,1000,1256.396216
130.560634,72,1267.213208
262.993185,154,1273.318181
936.103743,1000,1337.607532
117.790534,154,1349.685643
239.931643,123,1355.764683
286.832508,139,1367.638977
380.650475,177,1373.881816
302.759552,135,1385.786428
360.381446,172,1396.511664
281.309279,126,1408.425349
328.454788,139,1414.61305
437.988038,210,1426.759109
265.942342,141,1438.805795
281.103314,155,1445.08165
261.431923,150,1461.133222
292.791844,159,1467.405583
185.953487,91,1473.501658
206.146132,101,1479.666261
202.545255,99,1485.740045
339.391593,161,1497.81444
403.021675,171,1504.171591
299.829302,129,1516.374106
258.28115,140,1527.241897
272.372439,148,1539.323697
264.743047,143,1545.568828
266.300433,152,1557.26619
231.528298,125,1563.463573
269.695549,148,1569.725465
127.170493,128,1581.894075
187.405319,94,1591.291848
239.093501,119,1597.535341
8.878085,133,1603.815782
402.54695,190,1616.242014
44.906101,128,1622.525862
216.745084,128,1634.986084
140.174278,89,1635.252792
182.536426,103,1641.461354
205.338528,115,1657.74019
212.474862,122,1664.008044
264.025224,163,1670.444141
240.375835,132,1682.692096
279.411035,165,1689.14763
241.802557,135,1701.512903
261.673455,138,1707.860129
388.097933,225,1725.186021
298.573272,149,1737.801468
348.708423,183,1750.399054
309.931471,161,1756.860592
129.451705,98,1763.203531
130.75488,88,1769.479636
166.632437,128,1775.826955
313.879397,191,1795.347302
179.51028,155,1807.954312
99.125779,85,1814.282261
253.88883,153,1820.786695
183.795717,103,1827.18624
196.637748,109,1833.597839
188.598421,114,1846.123661
191.855565,106,1852.514075
61.980904,130,1862.898277
234.632255,169,1875.579954
195.431268,109,1881.993162
370.114595,217,1894.844481
246.378958,159,1901.343141
384.246905,205,1920.345427
385.760901,201,1940.328906
395.083983,262,1953.41187
443.633048,267,1972.670775
402.563593,206,1985.59567
487.611691,278,2012.734828
423.99851,201,2025.072667
416.05469,229,2038.002083
188.812363,178,2050.995553
175.479655,132,2057.633422
455.599831,269,2083.21558
365.466488,179,2096.094342
432.049213,229,2109.213662
510.646152,279,2128.831965
272.006695,182,2135.677447
479.515556,269,2161.455783
328.126416,160,2174.545583
480.298649,257,2187.932694
470.778056,243,2207.486901
428.970007,220,2227.892354
541.127053,287,2247.5566
341.869033,155,2254.157238
462.372913,259,2273.97712
359.871669,196,2294.79473
371.061568,207,2308.139362
305.824231,160,2321.420439
322.914869,161,2328.244642
350.034396,180,2341.47073
357.260773,178,2354.773777
389.002961,217,2375.081622
408.052955,228,2388.632901
534.927437,276,2408.6935
391.017676,195,2422.122835
368.786375,192,2440.243077
220.480587,118,2447.014382
391.519152,168,2460.485939
278.044062,133,2467.330654
415.586544,196,2480.702183
361.135311,199,2494.218194
414.458907,194,2513.481257
407.393532,180,2527.050855
520.377277,221,2540.735952
577.286832,263,2561.000478
772.244058,357,2586.403461
302.254324,155,2600.082906
385.067279,305,2620.624344
263.188864,142,2627.664347
279.078796,161,2641.286995
321.11972,192,2660.224542
289.65932,166,2667.313166
513.875788,488,2701.607842
337.972199,155,2714.979346
137.109782,82,2721.879481
296.067354,142,2733.424865
349.142129,156,2747.222579
499.352147,190,2754.445408
325.144875,165,2768.261155
228.532499,114,2775.155071
263.717287,123,2789.05778
473.018053,192,2796.28633
360.17935,152,2814.453647
338.478905,140,2821.463082
326.547005,141,2835.327931
330.047685,139,2842.468038
100.42087,155,2856.49829
282.672563,145,2863.688393
343.442668,158,2881.868553
23.616487,64,2882.081071
129.937629,83,2889.085807
322.783317,149,2903.034553
381.146503,157,2910.269333
281.839498,126,2924.149887
186.468468,122,2930.992091
49.189416,51,2931.15495
157.918929,112,2938.310871
352.325668,151,2956.270226
316.96411,127,2963.611495
147.353947,85,2970.86481
339.004446,145,2978.24697
389.055011,161,2992.74051
400.713459,174,3007.069812
129.870672,81,3014.298995
302.95211,136,3021.591095
147.964382,93,3031.496262
284.170333,134,3038.597337
275.047905,130,3052.942158
318.254881,223,3067.455845
474.491173,186,3082.113935
301.398074,138,3089.58931
249.353973,115,3096.954687
413.44829,168,3115.467146
294.095059,139,3122.941289
568.279491,196,3136.691754
436.052179,190,3150.031049
457.413264,184,3164.408363
364.279319,161,3182.432946
270.03134,127,3189.837165
11.834396,25,3189.928461
431.284307,227,3204.147225
398.243393,174,3218.456165
355.8205,152,3232.7318
334.759935,146,3240.204564
505.217994,207,3261.050653
694.891724,249,3282.505062
658.448267,231,3297.155726
588.779605,231,3311.656271
686.067524,261,3341.460971
453.62285,179,3355.866314
556.632714,217,3370.260859
524.566006,208,3384.28484
524.35754,195,3398.731769
481.598531,184,3418.112758
558.52548,199,3432.690947
580.801795,218,3447.292017
537.315449,200,3461.960573
668.538086,223,3476.701679
653.454081,228,3497.468703
610.456456,219,3519.339298
581.969067,214,3533.739367
533.062442,195,3548.474214
538.52736,204,3563.273391
507.11108,195,3582.713786
523.018458,192,3597.392311
277.225128,124,3604.786441
457.802538,174,3619.198119
453.103594,183,3626.839467
462.73929,165,3641.450776
562.203338,202,3660.271881
348.994176,143,3667.675771
548.891485,200,3682.480283
395.634101,154,3697.263253
408.140739,154,3712.051125
379.139233,149,3719.73992
289.313149,130,3729.754802
350.644116,149,3744.456201
517.457848,189,3759.413046
110.391337,74,3759.658513
267.096698,112,3774.165146
912.256123,350,3796.836125
458.80695,163,3816.895849
632.913818,218,3832.028145
469.529399,162,3839.573993
634.063989,204,3861.41479
332.853373,146,3868.989541
346.032862,141,3876.623706
334.344639,144,3897.316954
1329.598375,474,3935.092036
1166.406617,379,3958.065216
358.061477,146,3976.786265
934.300992,340,3999.415569
910.030902,298,4022.469792
920.074332,338,4059.755664
359.210112,255,4074.803232
686.748706,247,4097.715086
610.781744,217,4113.206092
105.126608,73,4120.741635
351.599168,151,4134.385364
563.4106,207,4149.92999
245.053045,114,4157.837484
771.398352,256,4180.815915
385.556994,148,4188.70851
632.282835,224,4211.567797
606.456132,227,4236.374037
617.653408,223,4251.945124
431.046136,167,4267.422368
98.07499,66,4267.64087
141.05291,83,4275.375443
121.220592,75,4283.047115
683.477822,230,4303.837557
652.764135,224,4319.348793
368.326713,154,4334.749153
695.532207,229,4350.288916
382.24679,149,4365.693645
304.883591,124,4373.544498
154.167784,90,4387.317826
333.574693,131,4395.364737
772.983271,258,4418.695019
552.363828,194,4434.503355
618.081771,208,4450.189812
99.462332,71,4457.991912
500.278841,196,4474.987459
724.653877,243,4498.464173
867.344656,280,4521.576314
472.792065,169,4529.745609
652.682822,238,4561.00173
523.428925,182,4576.809049
105.265476,64,4577.022577
136.487312,77,4584.886881
1009.121035,312,4608.585969
538.46638,206,4624.290747
335.704691,143,4642.396679
172.819981,90,4650.371471
104.096336,70,4650.581676
118.5655,70,4658.441295
116.335156,71,4666.360677
213.637201,105,4674.306897
1044.717498,364,4698.277476
118.618873,72,4706.247397
149.640281,88,4714.172165
578.321283,231,4734.064451
636.107773,215,4749.750698
335.630034,148,4765.707958
103.313079,65,4773.670063
641.805389,234,4789.878689
104.301924,64,4797.878553
106.476556,64,4798.070081
105.976262,65,4807.865158
108.081636,65,4808.049901
102.90577,65,4815.906558
100.367372,64,4823.783731
101.398402,70,4823.991353
96.58819,68,4831.929503
596.009169,225,4847.930562
580.74001,221,4872.013236
345.71756,144,4880.291852
362.806986,146,4890.322632
191.000668,97,4898.560949
115.244906,71,4906.493022
93.160192,64,4914.511778
537.795704,202,4930.734161
237.599604,119,4938.816282
414.753108,165,4955.046842
1179.414092,347,4982.944406
90.00753,65,4991.18859
783.685858,242,5007.709687
494.839819,172,5024.167027
268.676513,116,5032.449594
396.859668,157,5048.783258
100.379771,64,5048.993477
84.118807,63,5059.356927
483.62916,176,5075.581093
275.069115,121,5083.829271
86.713672,63,5091.933829
100.923845,62,5092.118622
107.792109,62,5100.202487
379.240061,144,5108.475047
98.172865,63,5116.600362
194.577267,103,5124.750464
93.207742,62,5124.944289
102.963759,63,5132.931992
106.538369,65,5142.855767
106.485119,64,5143.045139
150.852818,84,5151.248803
187.985397,96,5159.507237
351.59165,141,5175.961128
871.165329,283,5192.59642
326.536189,132,5208.624028
586.723498,200,5227.057226
105.10834,64,5227.263385
103.942752,64,5235.428785
744.533284,238,5251.995839
95.170512,49,5260.175378
208.575692,96,5268.437031
101.940251,63,5268.633326
224.758577,105,5285.304814
113.044908,70,5285.520598
103.395089,64,5293.68923
108.833881,64,5301.865321
113.125843,66,5302.05944
106.784856,63,5312.092303
115.739197,67,5312.289751
99.195261,65,5320.494797
109.704722,69,5328.742396
127.808204,77,5337.060097
336.178826,137,5345.583055
674.68305,232,5362.396699
203.152002,96,5370.775796
107.835007,66,5379.03516
127.215675,72,5387.318508
671.310644,214,5416.117276
349.023382,140,5424.644763
671.844699,233,5442.048006
147.248191,87,5450.68816
108.467144,68,5459.175635
349.461292,135,5467.93613
138.717189,75,5476.411964
102.835859,64,5484.860192
104.647036,67,5485.061039
136.277187,77,5495.728455
311.398218,128,5512.7555
751.11355,227,5530.188841
241.375032,110,5538.710447
106.394214,67,5547.119416
142.656632,79,5547.353899
191.165707,93,5555.830112
364.054925,145,5572.407185
842.81939,250,5597.375359
1287.441583,437,5639.151698
1638.691305,515,5690.463537
703.277531,224,5707.643672
387.470913,145,5716.362016
746.688995,250,5741.979158
1169.513437,315,5774.623419
448.95437,161,5791.421466
496.171805,178,5800.216937
370.268979,149,5817.205617
530.134409,175,5834.877935
501.782208,175,5843.675748
659.906244,223,5877.223566
1540.517208,462,5911.736604
164.34494,81,5920.383565
993.277296,281,5946.126036
1690.59029,526,5998.233732
1149.397937,386,6032.8189
572.068244,191,6056.086288
785.459733,249,6073.464068
855.014132,259,6098.409588
527.127935,198,6115.477255
461.776931,164,6132.242823
645.964876,216,6156.208839
568.302678,277,6181.808754
552.101368,212,6199.030729
853.721874,294,6224.694697
563.41392,229,6249.060236
1134.742473,404,6283.064772
1016.26463,297,6308.657358
519.454175,169,6330.376509
537.734928,192,6347.293939
976.029856,324,6372.678084
124.215708,72,6381.095025
505.052222,175,6389.749571
423.733352,196,6406.404677
954.088306,287,6438.138781
583.226477,191,6454.750115
464.736371,195,6471.27937
882.479598,325,6496.322221
585.953546,196,6518.779549
552.344574,197,6535.447093
517.414812,184,6551.973728
422.717511,168,6568.233435
381.64727,145,6576.653308
373.361873,151,6597.52995
553.022432,207,6613.998931
116.998681,91,6622.206691
605.551133,215,6638.695696
104.569409,88,6646.75779
402.065494,157,6655.169385
1413.576044,431,6703.965
632.124132,216,6720.423267
544.841263,424,6753.167772
585.951404,190,6776.770111
618.643857,218,6792.766777
125.463492,78,6800.863981
1760.263285,526,6841.447497
809.814355,262,6870.953964
847.728181,272,6887.199913
1084.266373,317,6919.19934
943.306674,280,6935.396774
202.23492,110,6950.379945
2101.404418,605,6998.066944
657.130337,225,7020.891116
517.984409,174,7035.320255
608.713426,198,7051.133925
520.408357,175,7066.738032
1424.768562,392,7098.412434
859.790122,266,7130.268462
1281.033806,343,7153.750425
574.453016,188,7169.461769
632.64431,233,7185.263792
601.406006,241,7214.909906
334.005967,139,7222.918615
832.862377,291,7245.921284
425.161655,160,7260.890296
105.316098,66,7261.109123
1064.08447,282,7291.999406
120.767081,151,7307.468076
546.02694,195,7322.978216
330.01905,131,7330.692325
118.653439,77,7338.1624
88.48712,71,7338.37843
176.787977,95,7345.992823
322.841026,133,7361.233577
1369.018961,362,7391.027639
494.326515,164,7406.259108
500.193407,176,7421.606835
469.650545,169,7429.41547
1350.200043,382,7464.846979
449.843455,168,7479.760402
287.420021,119,7487.11272
527.839209,184,7502.467912
500.494109,169,7517.547102
838.694497,257,7541.070831
395.793913,149,7556.064944
362.288501,143,7563.742084
705.162458,245,7586.283549
640.161803,199,7601.344827
609.584628,193,7622.458755
1087.86093,290,7637.16966
411.175579,148,7652.024674
361.451958,147,7659.660429
399.456526,150,7674.503365
882.653162,260,7689.599928
442.565982,169,7709.863035
519.203188,201,7724.658592
4.593692,16,7724.753088
5.958317,17,7731.930707
3.782649,15,7731.977571
6.61115,18,7732.031982
4.240191,16,7732.081895
3.133442,14,7732.125845
2.792809,14,7732.168691
3.227057,14,7732.212037
539.452434,201,7747.012901
139.465009,106,7754.458848
124.568853,86,7761.797429
1021.842899,311,7786.361672
22.067092,40,7793.533766
26.141727,41,7793.65045
31.817436,44,7800.637091
597.291452,224,7815.255236
31.548272,45,7815.430472
1473.201831,504,7865.07737
552.773388,209,7886.29673
250.533831,140,7893.519335
1057.031451,348,7914.720271
482.400913,211,7940.546019
557.669256,251,7955.076294
732.474442,317,7976.779641
1166.704203,307,7998.977788
203.891694,150,8019.712706
411.615329,248,8034.798563
386.349291,186,8049.460827
120.289541,115,8056.766006
119.578051,97,8064.091419
474.609315,183,8078.814389
127.259244,94,8086.152238
103.559033,94,8102.867038
512.498268,297,8124.890364
114.963177,95,8132.126538
126.0587,97,8139.395048
224.84618,130,8146.608595
518.170485,189,8160.899881
29.695628,41,8161.052947
337.104533,142,8190.145196
334.721487,435,8218.152047
247.568021,122,8225.347563
595.307566,196,8239.419629
822.658895,239,8277.915839
46.256575,56,8278.124029
624.979089,284,8299.088845
554.998267,188,8313.238596
161.344975,224,8327.386809
465.017126,171,8341.440852
1152.664526,402,8378.212594
893.412245,266,8398.976309
893.421868,300,8419.947515
655.598161,240,8441.921881
613.924077,199,8456.04823
115.427237,84,8462.835317
1422.022462,348,8483.895355
371.90105,150,8497.83279
399.092205,185,8517.988883
2.967804,14,8518.067864
6.731886,19,8518.125449
468.41881,205,8532.344712
476.229466,251,8553.132199
428.45458,157,8560.382366
263.425271,119,8567.490316
586.431848,241,8593.337838
479.80911,162,8600.476959
393.48655,152,8614.433215
346.252307,165,8627.502822
567.478086,205,8641.433695
370.767646,153,8648.544234
149.393913,79,8660.952878
608.695286,219,8675.046622
550.177622,181,8689.072317
313.808596,126,8696.191996
309.757533,132,8710.069444
302.61874,150,8717.243486
320.620209,129,8724.404298
352.346181,137,8741.230609
154.830759,89,8748.251678
143.933498,80,8748.493557
264.351806,119,8762.388882
277.334646,125,8769.435198
330.697355,136,8776.458859
584.240261,262,8797.247954
122.378256,74,8808.741112
132.479933,84,8808.990124
198.566307,124,8822.823676
253.725703,113,8829.923963
543.129462,194,8843.431772
915.617169,283,8862.829738
347.638893,142,8869.964713
735.165892,223,8889.40282
304.576724,225,8903.592109
171.208966,156,8917.289692
1099.353453,285,8938.354496
73.541285,88,8945.413817
51.030617,95,8954.639743
58.152538,88,8961.689063
197.772841,123,8968.798789
225.284872,128,8975.94686
200.166295,121,8982.982406
52.75225,100,8990.040642
74.679863,99,8997.101131
98.547445,144,9010.951174
725.406946,314,9035.457921
111.031552,99,9042.35953
31.798534,60,9042.538449
43.947604,57,9049.446048
81.042952,220,9063.538707
771.466355,272,9084.555007
227.34849,193,9104.987334
-17.307641,440,9133.125937
117.167693,73,9140.119183
641.193923,296,9161.050215
1729.050308,446,9194.959396
324.83624,201,9209.1389
187.165693,128,9222.978949
334.313443,159,9230.012116
171.59631,110,9236.880474
327.858717,182,9262.0923
1574.604666,448,9296.642816
878.166265,426,9324.207393
1180.444272,401,9358.773604
296.723659,158,9372.839719
143.400393,86,9373.111758
308.514673,162,9386.932504
386.994178,168,9400.800591
530.30294,262,9417.698443
135.456826,72,9424.700616
1539.867807,431,9452.641803
679.916101,228,9473.382708
220.58765,148,9486.351
570.700661,212,9500.444004
980.705769,303,9521.616938
162.185896,103,9528.719726
98.242936,50,9535.66982
1253.953029,369,9564.58942
1022.878183,345,9590.715181
1122.853803,350,9611.840826
902.028322,299,9635.721412
276.740503,140,9649.683666
1285.371915,410,9677.479025
111.627372,88,9684.57662
179.76118,99,9691.61692
1711.14682,456,9722.811937
358.530509,171,9736.870084
102.803934,92,9743.892049
151.187327,93,9750.865151
114.370073,75,9757.696417
161.449228,96,9764.686086
149.943519,96,9771.570872
1280.331817,478,9805.649891
1254.835702,372,9833.707189
127.496388,78,9840.765383
626.072652,234,9857.096022
118.825389,121,9864.153932
277.508865,230,9884.655193
138.466817,97,9891.589594
93.304197,73,9891.815409
421.27181,218,9912.547276
659.891902,320,9939.635598
125.572968,84,9946.633093
111.454165,83,9946.877636
127.11725,99,9953.819413
117.896398,100,9960.877174
133.356926,101,9967.913299
243.098987,156,9981.891922
102.280468,77,9988.891951
109.667485,90,9995.833235
180.537883,124,10006.041019
199.049923,131,10013.058437
106.159452,80,10020.030226
2273.331519,580,10061.234598
94.256143,119,10068.290371
139.601396,99,10082.036565
237.564531,143,10089.060767
457.948125,223,10109.538374
92.903601,76,10109.795775
109.387958,79,10116.573379
99.216332,70,10123.262852
294.647523,139,10130.339967
118.616221,85,10137.111569
113.522486,77,10143.781032
115.904975,85,10154.372144
119.932242,79,10161.194432
94.146329,52,10161.35395
120.898078,86,10168.135795
100.225814,81,10175.06031
170.919481,134,10182.080784
315.353696,223,10195.735931
337.543995,399,10229.289035
1946.625926,849,10291.915183
116.741688,98,10304.369924
115.244575,66,10304.572263
258.018768,136,10318.344995
82.894073,83,10325.34574
89.284711,89,10332.405482
107.448327,94,10332.685297
87.864306,77,10339.685488
53.368134,126,10353.575374
86.980813,84,10353.834004
79.203581,93,10360.849435
89.677275,81,10367.637696
106.570655,81,10377.010929
88.201319,82,10384.011531
99.062399,84,10390.932765
127.829062,84,10391.184902
100.341044,101,10398.211586
125.725093,90,10405.092493
712.920955,272,10425.943313
118.385376,95,10432.870278
139.768137,94,10439.659976
120.764312,79,10453.477638
127.79474,94,10460.527096
127.488003,104,10467.467676
127.643524,102,10474.488297
114.385672,90,10481.304314
131.522648,90,10488.246824
164.710008,99,10488.536937
115.252951,90,10495.731536
127.957844,90,10502.763661
104.070246,91,10510.215905
114.06893,93,10517.500473
120.348411,93,10527.117355
118.292838,81,10534.374713
359.972633,152,10541.55835
148.283291,88,10548.506415
131.942646,94,10555.708622
113.513083,96,10562.663415
127.498136,89,10569.753199
141.797014,94,10576.998505
134.45411,84,10583.892233
246.638171,121,10590.919108
131.196434,84,10602.739971
180.392651,101,10609.894272
177.997081,97,10617.151618
149.69754,97,10624.191248
163.083903,92,10631.388869
279.360381,168,10638.617285
272.854221,138,10652.60313
256.291743,136,10659.9765
194.623166,127,10667.40379
116.03085,93,10677.26555
848.455337,272,10696.970645
341.097369,144,10710.204433
666.748832,230,10723.744142
127.397382,84,10730.719225
108.125177,74,10730.946223
13.983848,25,10737.782611
103.598948,70,10737.982791
9.890702,20,10749.999759
672.404613,259,10764.09182
108.805194,71,10770.971509
126.65044,76,10777.89531
136.845845,93,10785.014695
127.503219,78,10785.25361
139.910092,81,10792.305792
1554.338533,378,10824.44886
571.228499,233,10838.759859
81.351935,99,10845.888073
216.419596,113,10853.014504
111.428649,84,10860.106601
1.541607,150,10874.068133
92.060552,82,10881.055229
119.411109,74,10881.277226
808.77804,317,10908.260962
842.434591,266,10929.26707
147.205538,133,10936.131835
166.323633,111,10949.754685
752.975913,297,10976.068716
299.127009,130,10983.152922
772.274337,242,10997.340927
361.277261,148,11011.127482
358.836598,136,11018.219155
198.133187,140,11025.419581
93.81068,102,11039.13894
143.490668,135,11050.153044
110.643905,111,11057.269693
67.962369,88,11064.352426
532.503129,197,11078.40256
440.803646,186,11092.48804
728.926454,225,11106.523079
1151.122313,297,11131.275068
339.789506,141,11138.276587
2263.997409,520,11178.543278
486.177737,173,11185.671493
2393.143698,528,11232.771504
529.619657,204,11246.975148
1324.61706,366,11273.273035
2244.239957,530,11315.247211
491.823582,256,11329.590027
418.599404,181,11349.732282
885.788761,297,11370.939168
1065.319474,302,11391.881554
30.124577,45,11392.059577
516.661724,237,11412.433672
615.104018,308,11440.903509
92.651124,124,11448.044808
77.680899,93,11455.11451
107.330609,137,11462.208272
1424.933341,445,11505.544257
187.803132,189,11519.641518
340.987499,288,11540.79007
570.135415,375,11562.012185
316.259839,170,11580.248089
1124.30472,324,11601.295796
21.283422,38,11608.198758
187.210077,159,11615.192144
185.693805,117,11621.89637
534.615801,364,11651.154706
97.645879,78,11657.751941
228.198511,120,11664.810775
101.002533,83,11671.644672
117.943686,86,11678.471842
246.401452,137,11685.54597
256.427842,147,11699.287978
346.055027,222,11713.402192
260.720314,147,11727.198938
231.03903,147,11740.887943
366.559611,186,11754.825346
317.229695,163,11762.031501
1493.593137,350,11789.773622
273.263445,144,11800.963755
126.647513,92,11808.243569
114.455737,249,11829.037134
147.974058,94,11829.352176
147.192978,103,11836.462504
170.899802,107,11850.27097
186.057612,113,11857.321147
217.754395,124,11864.4697
1487.84819,391,11895.577938
135.771682,88,11902.0159
205.93781,135,11909.113724
497.207964,216,11923.256497
586.399534,225,11937.29285
541.540532,213,11964.854782
145.543155,92,11971.884786
237.991126,151,11979.091885
167.215364,111,11986.201142
301.633818,176,12000.243155
91.248584,60,12007.235649
1149.74115,379,12033.156386
103.256634,132,12047.114464
309.911174,209,12061.376237
192.170117,132,12068.537147
182.463557,135,12075.654561
718.801279,271,12103.047903
317.099625,202,12116.497741
183.878562,117,12123.03617
209.366017,170,12136.848881
287.52035,218,12150.973049
496.856838,247,12176.834708
155.172036,121,12183.778632
1759.576939,578,12225.212895
280.247664,184,12232.616821
152.231817,138,12251.172458
146.862133,142,12258.235154
204.161187,198,12272.21431
388.075141,423,12300.249548
697.632313,271,12327.564497
132.824523,124,12334.661649
259.861493,160,12348.47008
102.095077,66,12355.239973
134.942688,139,12362.154978
117.582798,106,12368.564036
181.613592,176,12382.53891
500.704885,219,12401.775961
116.121719,138,12408.701039
134.804668,144,12422.539029
956.219524,282,12443.44245
151.697456,120,12450.594034
320.991886,229,12464.76571
243.382631,160,12485.331014
790.620255,278,12506.188469
203.412974,129,12513.344997
228.146463,155,12520.472768
200.111737,116,12534.303071
446.404326,205,12554.121751
127.15989,96,12561.178035
112.265915,86,12561.435483
228.230723,203,12575.518864
631.909489,279,12595.859068
134.361394,86,12603.211157
81.861948,70,12610.125345
1148.932101,316,12637.987113
128.420064,90,12644.929672
118.01227,86,12651.793385
115.512713,88,12658.653708
120.501139,86,12658.909733
133.773961,84,12665.654062
132.751437,81,12672.475922
173.700854,102,12679.391842
210.209302,121,12686.34402
995.558278,280,12714.269186
90.886445,75,12721.153592
95.20807,74,12727.978558
96.712061,80,12728.212644
92.108152,82,12735.118353
976.984135,287,12755.587951
100.324141,79,12762.451533
134.842922,89,12769.360894
160.723423,114,12779.898983
134.486444,118,12786.754876
351.872442,152,12800.357621
1285.477798,336,12820.378151
352.614063,149,12832.897948
266.160765,129,12839.323008
110.336893,72,12849.064067
80.783363,81,12849.298017
1015.100898,324,12876.315368
504.691564,190,12883.486228
481.68031,176,12897.095996
350.749897,145,12910.658567
1806.856945,402,12944.866505
1707.388658,418,12972.31655
405.050677,147,12979.410189
1415.641669,330,13011.145028
1012.914549,282,13025.188211
2167.471964,452,13059.230078
1344.714916,304,13085.526719
853.319463,237,13100.125538
882.527999,259,13120.889991
252.658455,122,13128.20046
710.848228,228,13163.263707
1645.706104,353,13184.689208
259.828906,143,13191.815198
974.389249,262,13212.869284
1304.641334,345,13249.461209
867.53543,242,13263.045439
789.724678,236,13276.034553
764.987686,231,13295.316111
1745.998361,368,13324.225687
445.673781,176,13337.980578
1734.767315,404,13365.403777
1145.512239,293,13393.972242
860.684295,239,13407.850723
1775.446371,386,13435.151767
4541.110117,836,13509.159316
2270.637639,455,13542.632679
1956.807024,414,13570.149417
1509.791582,362,13597.314386
703.280134,209,13619.330955
1511.309689,353,13646.823606
1224.332895,289,13660.493769
918.13737,241,13680.48312
432.582661,153,13694.088656
550.342489,165,13707.665483
247.108897,125,13714.613241
322.556286,124,13728.038393
2238.797224,491,13755.145043
647.768979,206,13780.285608
1700.769041,364,13800.84207
1490.101743,356,13827.688766
1376.307527,330,13854.61339
534.440658,171,13868.483746
769.497855,224,13882.384584
183.955168,110,13889.215418
94.387824,69,13896.198746
710.731165,243,13915.278543
1299.507426,331,13935.787858
679.213892,230,13956.22781
154.658816,90,13963.125044
191.088281,121,13970.031841
2107.68126,496,14009.929424
1907.512415,405,14037.201342
940.303905,277,14065.60953
936.820051,282,14086.237053
614.97562,210,14100.022424
674.57088,223,14113.959923
2489.795318,552,14156.935632
146.159079,79,14163.846699
1142.100727,319,14184.324129
620.004787,250,14204.612538
2661.014376,542,14245.79239
239.287711,113,14252.747416
3506.520837,731,14314.101139
1566.89504,390,14341.396657
127.864864,77,14341.691537
323.64026,153,14355.296798
1573.1733,355,14380.378569
30.104538,35,14387.121481
471.580866,192,14400.742275
1418.804164,361,14421.480133
1161.596788,284,14447.371894
125.10526,85,14453.850566
1177.222272,313,14472.852068
156.126027,81,14479.68719
224.993307,115,14486.577089
1475.528642,325,14511.67786
25.458182,28,14518.419057
1401.799713,320,14539.042669
297.4001,134,14546.119073
123.120726,69,14552.77957
1634.81078,423,14587.261943
148.020653,93,14594.143597
1538.960846,374,14621.208538
287.793184,136,14628.254125
324.431037,151,14641.87173
