eval mean 100 episode reward,eval_qs_difference,total timesteps,eval_ep_rewmean,eval_returns,eval_time_elapsed,eval_qs,eval_discount_q,eval_abs_qs_difference,eval_eplenmean
7.0,1.1196777317735953,1,6.458962818181818,1.4818740513630815,0,-0.22623453,6.634332354781448,3.7818856,29.818181818181817
,,95,,,,,,,
,,169,,,,,,,
,,278,,,,,,,
,,331,,,,,,,
,,401,,,,,,,
,,451,,,,,,,
,,524,,,,,,,
,,600,,,,,,,
,,687,,,,,,,
,,798,,,,,,,
,,860,,,,,,,
,,955,,,,,,,
4.6,2.7466924410318745,1001,2.6156378181818183,2.650702352421627,0,-0.1976811,3.3647322253681367,3.505899,24.363636363636363
,,1077,,,,,,,
,,1169,,,,,,,
,,1246,,,,,,,
,,1345,,,,,,,
,,1452,,,,,,,
,,1517,,,,,,,
,,1587,,,,,,,
,,1661,,,,,,,
,,1743,,,,,,,
,,1836,,,,,,,
,,1901,,,,,,,
,,1978,,,,,,,
4.0,2.6285908803334386,2001,2.781976272727272,2.7763007182696207,0,-0.196603,3.5119188242709574,3.426403,24.727272727272727
,,2064,,,,,,,
,,2126,,,,,,,
,,2207,,,,,,,
,,2284,,,,,,,
,,2358,,,,,,,
,,2429,,,,,,,
,,2505,,,,,,,
,,2585,,,,,,,
,,2676,,,,,,,
,,2752,,,,,,,
,,2816,,,,,,,
,,2892,,,,,,,
,,2956,,,,,,,
3.8,2.3724428100116857,3001,3.2042338181818177,2.835586707803514,0,-0.20681891,3.877194224043706,3.312754,24.636363636363637
,,3027,,,,,,,
,,3115,,,,,,,
,,3219,,,,,,,
,,3304,,,,,,,
,,3408,,,,,,,
,,3490,,,,,,,
,,3559,,,,,,,
,,3616,,,,,,,
,,3703,,,,,,,
,,3801,,,,,,,
,,3887,,,,,,,
,,3960,,,,,,,
3.6,2.732461907258702,4001,2.901332181818182,2.0375024595541733,0,-0.18763727,3.6587448173697097,3.6339242,25.0
,,4066,,,,,,,
,,4142,,,,,,,
,,4206,,,,,,,
,,4257,,,,,,,
,,4339,,,,,,,
,,4468,,,,,,,
,,4532,,,,,,,
,,4618,,,,,,,
,,4685,,,,,,,
,,4782,,,,,,,
,,4863,,,,,,,
,,4928,,,,,,,
3.7,1.944606774784878,5001,4.485318,3.5163142554101547,0,-0.2135758,4.946650119063771,3.5678053,27.272727272727273
,,5008,,,,,,,
,,5085,,,,,,,
,,5176,,,,,,,
,,5275,,,,,,,
,,5343,,,,,,,
,,5407,,,,,,,
,,5492,,,,,,,
,,5584,,,,,,,
,,5659,,,,,,,
,,5747,,,,,,,
,,5828,,,,,,,
,,5900,,,,,,,
,,5980,,,,,,,
3.6,2.633608367869108,6001,2.5731128181818184,2.149527905605206,0,-0.19266337,3.2884147081072728,3.3838212,24.272727272727273
,,6067,,,,,,,
,,6152,,,,,,,
,,6236,,,,,,,
,,6334,,,,,,,
,,6392,,,,,,,
,,6483,,,,,,,
,,6593,,,,,,,
,,6680,,,,,,,
,,6732,,,,,,,
,,6817,,,,,,,
,,6871,,,,,,,
,,6925,,,,,,,
3.4,2.6927396037582665,7001,2.6312605454545452,6.780658564816038,0,-0.20236541,3.3656706487749406,3.506549,24.727272727272727
,,7006,,,,,,,
,,7071,,,,,,,
,,7147,,,,,,,
,,7226,,,,,,,
,,7304,,,,,,,
,,7389,,,,,,,
,,7462,,,,,,,
,,7531,,,,,,,
,,7631,,,,,,,
,,7717,,,,,,,
,,7831,,,,,,,
,,7898,,,,,,,
,,7998,,,,,,,
3.4,2.5750642352872273,8001,3.288434727272727,4.192600703481134,0,-0.19941877,4.020124718759314,3.602547,25.181818181818183
,,8072,,,,,,,
,,8170,,,,,,,
,,8250,,,,,,,
,,8330,,,,,,,
,,8414,,,,,,,
,,8493,,,,,,,
,,8607,,,,,,,
,,8668,,,,,,,
,,8733,,,,,,,
,,8820,,,,,,,
,,8875,,,,,,,
,,8938,,,,,,,
,,8991,,,,,,,
3.0,2.831334367290197,9001,2.560838181818182,2.5588406380583097,0,-0.17461096,3.3227993137638987,3.5840142,24.363636363636363
,,9114,,,,,,,
,,9177,,,,,,,
,,9282,,,,,,,
,,9387,,,,,,,
,,9456,,,,,,,
,,9542,,,,,,,
,,9652,,,,,,,
,,9713,,,,,,,
,,9771,,,,,,,
,,9839,,,,,,,
,,9928,,,,,,,
,,9998,,,,,,,
3.3,1.867976491530433,10001,4.850337909090909,1.1665146707920016,0,-0.20751238,5.192601336264416,3.9898338,27.181818181818183
,,10099,,,,,,,
,,10177,,,,,,,
,,10258,,,,,,,
,,10348,,,,,,,
,,10437,,,,,,,
,,10546,,,,,,,
,,10642,,,,,,,
,,10714,,,,,,,
,,10813,,,,,,,
,,10913,,,,,,,
3.3,2.720093614406152,11001,2.8397164545454543,2.1255033806951618,0,-0.17781587,3.5804886719981908,3.5540426,24.454545454545453
,,11004,,,,,,,
,,11087,,,,,,,
,,11150,,,,,,,
,,11219,,,,,,,
,,11317,,,,,,,
,,11448,,,,,,,
,,11522,,,,,,,
,,11600,,,,,,,
,,11713,,,,,,,
,,11814,,,,,,,
,,11872,,,,,,,
,,11963,,,,,,,
3.3,2.4384132667725806,12001,3.163713909090909,2.606091474760258,0,-0.2050123,3.8570788680063894,3.3860297,24.90909090909091
,,12032,,,,,,,
,,12115,,,,,,,
,,12175,,,,,,,
,,12253,,,,,,,
,,12326,,,,,,,
,,12412,,,,,,,
,,12509,,,,,,,
,,12591,,,,,,,
,,12653,,,,,,,
,,12762,,,,,,,
,,12843,,,,,,,
,,12915,,,,,,,
3.2,3.2798500880588133,13001,2.8963855454545455,3.0231961898427073,0,-0.21215191,4.33157719052953,4.2669325,30.363636363636363
,,13013,,,,,,,
,,13073,,,,,,,
,,13142,,,,,,,
,,13217,,,,,,,
,,13298,,,,,,,
,,13382,,,,,,,
,,13461,,,,,,,
,,13553,,,,,,,
,,13641,,,,,,,
,,13724,,,,,,,
,,13811,,,,,,,
,,13875,,,,,,,
,,13950,,,,,,,
2.9,3.93317971784864,14001,1.686728090909091,3.0380251117712653,0,-0.20457536,3.9738729897063703,4.7888126,31.818181818181817
,,14023,,,,,,,
,,14116,,,,,,,
,,14195,,,,,,,
,,14280,,,,,,,
,,14352,,,,,,,
,,14427,,,,,,,
,,14503,,,,,,,
,,14603,,,,,,,
,,14678,,,,,,,
,,14808,,,,,,,
,,14868,,,,,,,
,,14925,,,,,,,
,,15000,,,,,,,
3.0,2.3885874282049255,15001,3.5669728181818177,3.243335856837062,0,-0.2097459,4.269503269727461,3.4628828,25.454545454545453
,,15078,,,,,,,
,,15183,,,,,,,
,,15259,,,,,,,
,,15331,,,,,,,
,,15402,,,,,,,
,,15489,,,,,,,
,,15583,,,,,,,
,,15674,,,,,,,
,,15761,,,,,,,
,,15838,,,,,,,
,,15949,,,,,,,
3.3,2.2814857057449007,16001,4.724273636363637,1.519839764985405,0,-0.21454225,5.358501901754339,3.814433,30.727272727272727
,,16020,,,,,,,
,,16108,,,,,,,
,,16208,,,,,,,
,,16284,,,,,,,
,,16363,,,,,,,
,,16463,,,,,,,
,,16505,,,,,,,
,,16587,,,,,,,
,,16682,,,,,,,
,,16764,,,,,,,
,,16844,,,,,,,
,,16917,,,,,,,
,,16988,,,,,,,
3.4,1.9568405116538314,17001,4.531157545454546,3.327416122249076,0,-0.19834705,4.967898439023867,3.6954355,27.0
,,17055,,,,,,,
,,17126,,,,,,,
,,17195,,,,,,,
,,17282,,,,,,,
,,17387,,,,,,,
,,17462,,,,,,,
,,17562,,,,,,,
,,17647,,,,,,,
,,17732,,,,,,,
,,17809,,,,,,,
,,17909,,,,,,,
,,17985,,,,,,,
3.4,2.761262706370815,18001,2.6320168181818184,2.5856801374574205,0,-0.18866114,3.391016499107522,3.5086706,24.727272727272727
,,18066,,,,,,,
,,18139,,,,,,,
,,18221,,,,,,,
,,18284,,,,,,,
,,18368,,,,,,,
,,18430,,,,,,,
,,18521,,,,,,,
,,18607,,,,,,,
,,18707,,,,,,,
,,18791,,,,,,,
,,18852,,,,,,,
,,18911,,,,,,,
,,18962,,,,,,,
3.2,2.174845281899758,19001,4.363921363636364,16.501714537139197,0,-0.21039338,4.977185499793079,3.7288263,27.636363636363637
,,19043,,,,,,,
,,19131,,,,,,,
,,19187,,,,,,,
,,19280,,,,,,,
,,19347,,,,,,,
,,19490,,,,,,,
,,19555,,,,,,,
,,19634,,,,,,,
,,19704,,,,,,,
,,19810,,,,,,,
,,19882,,,,,,,
,,19967,,,,,,,
3.3,3.7476663774166754,20001,1.637088181818182,-5.286299416574805,0,-0.20343891,3.5296249709197003,4.4404635,30.818181818181817
,,20056,,,,,,,
,,20155,,,,,,,
,,20247,,,,,,,
,,20380,,,,,,,
,,20454,,,,,,,
,,20529,,,,,,,
,,20602,,,,,,,
,,20684,,,,,,,
,,20800,,,,,,,
,,20881,,,,,,,
,,20956,,,,,,,
3.2,2.785499467016582,21001,2.5615182727272727,2.6343484951168317,0,-0.19387911,3.3098457998180337,3.5384061,24.181818181818183
,,21057,,,,,,,
,,21126,,,,,,,
,,21201,,,,,,,
,,21313,,,,,,,
,,21404,,,,,,,
,,21490,,,,,,,
,,21556,,,,,,,
,,21632,,,,,,,
,,21717,,,,,,,
,,21781,,,,,,,
,,21848,,,,,,,
,,21996,,,,,,,
3.1,2.7794949970783622,22001,2.704517545454545,3.483133851983043,0,-0.17966413,3.466191941638927,3.5781126,24.727272727272727
,,22082,,,,,,,
,,22156,,,,,,,
,,22241,,,,,,,
,,22316,,,,,,,
,,22387,,,,,,,
,,22452,,,,,,,
,,22531,,,,,,,
,,22606,,,,,,,
,,22672,,,,,,,
,,22737,,,,,,,
,,22853,,,,,,,
,,22928,,,,,,,
3.5,2.1632353545862486,23001,4.352946,1.9426006714902286,0,-0.19776155,4.823466584649326,3.771521,27.545454545454547
,,23003,,,,,,,
,,23066,,,,,,,
,,23149,,,,,,,
,,23230,,,,,,,
,,23292,,,,,,,
,,23392,,,,,,,
,,23466,,,,,,,
,,23523,,,,,,,
,,23597,,,,,,,
,,23663,,,,,,,
,,23732,,,,,,,
,,23807,,,,,,,
,,23886,,,,,,,
,,23945,,,,,,,
3.4,2.5186690020887066,24001,2.9122434545454543,4.293711881263093,0,-0.19819444,3.614221351216332,3.382645,24.636363636363637
,,24002,,,,,,,
,,24089,,,,,,,
,,24163,,,,,,,
,,24234,,,,,,,
,,24298,,,,,,,
,,24396,,,,,,,
,,24504,,,,,,,
,,24599,,,,,,,
,,24663,,,,,,,
,,24738,,,,,,,
,,24810,,,,,,,
,,24909,,,,,,,
,,24990,,,,,,,
10.6,-10.07942110105178,25001,75.13892563636362,57.73924835950899,5,-0.31744096,56.79613817612954,23.529203,188.36363636363637
,,25712,,,,,,,
20.2,10.566638861796529,26001,91.28875927272726,47.112644712258835,5,25.611298,56.27237576407392,24.644945,184.54545454545453
,,26589,,,,,,,
38.3,19.903810624702896,27001,170.68222090909092,81.86946197005744,6,58.241756,72.73103390620652,34.601524,221.0
,,27510,,,,,,,
66.2,-0.16803426504791927,28001,283.5928652727273,382.3620505302518,6,82.52111,98.07176830713088,36.58167,215.54545454545453
,,28206,,,,,,,
,,28960,,,,,,,
102.3,48.31928346142885,29001,311.49593463636364,159.2800931148438,7,132.04251,99.5945644518709,48.319286,265.54545454545456
,,29752,,,,,,,
147.3,34.19905716802046,30001,438.4616043636364,460.69393049199624,7,156.95903,130.80236255272078,41.436123,250.0909090909091
,,30630,,,,,,,
183.3,61.850688092866285,31001,324.369011,400.21756739306727,4,181.9437,136.51066189226538,61.916836,158.27272727272728
,,31406,,,,,,,
218.6,96.34256561638223,32001,296.8409735454545,87.6792156780786,5,191.09795,100.09612009074317,96.34256,188.0909090909091
,,32130,,,,,,,
249.8,93.35703681756482,33001,306.04861854545453,298.6859667701578,4,204.94696,124.46889155988966,93.35703,163.8181818181818
,,33093,,,,,,,
,,33781,,,,,,,
275.2,97.1846692073811,34001,294.9351672727273,303.6187319738239,4,203.39561,122.00208062985958,97.18467,163.9090909090909
,,34589,,,,,,,
284.3,127.53818950551361,35001,162.39485136363635,179.3385714646875,2,194.96852,98.28856719323048,127.61386,95.45454545454545
,,35029,,,,,,,
,,35591,,,,,,,
309.7,88.39483077108278,36001,386.5586573636364,358.14928117282085,6,203.9434,117.34874351845883,89.04273,233.27272727272728
,,36110,,,,,,,
,,36971,,,,,,,
326.1,122.35688960975199,37001,440.29078309090914,431.06530292245134,12,201.56744,91.74517493308544,124.44011,418.45454545454544
323.4,119.12402841235608,38001,284.60664990909095,285.6683962589777,4,221.11865,117.98639589304148,119.12402,164.0909090909091
318.6,81.25513069979307,39001,349.3995474545454,367.87681270328653,5,201.23495,134.46406385916603,85.30627,180.0909090909091
,,39197,,,,,,,
,,39790,,,,,,,
318.8,58.45213107928126,40001,348.0154391818182,361.60425427237,4,188.17398,153.43609592548992,66.79277,150.9090909090909
,,40362,,,,,,,
312.1,123.51336929233781,41001,242.66682145454544,213.1317034842341,3,213.54042,118.99043373707705,123.51335,138.0
,,41018,,,,,,,
,,41468,,,,,,,
308.5,107.58410325561694,42001,267.3179348181818,286.93949937753035,4,205.91884,120.04498308670651,108.20244,149.36363636363637
,,42069,,,,,,,
,,42637,,,,,,,
298.4,142.63428332377592,43001,194.7124631818182,203.76660796270605,3,223.14154,105.32740553545285,142.64745,111.0
,,43126,,,,,,,
,,43705,,,,,,,
305.5,107.42442739908289,44001,252.5528338181818,241.74638960866687,4,200.48497,122.74120422964069,107.424416,140.36363636363637
,,44134,,,,,,,
,,44729,,,,,,,
301.3,73.55014339203844,45001,326.5023364545455,315.18144062109576,4,187.72568,141.0751435850702,74.94584,163.45454545454547
,,45424,,,,,,,
,,45899,,,,,,,
275.6,147.79059383384578,46001,228.87420272727275,662.5396375232021,7,193.25197,58.725587374127265,148.35066,257.72727272727275
,,46483,,,,,,,
,,46915,,,,,,,
269.6,113.43677397777056,47001,216.85109181818186,261.18049078710476,3,196.29497,111.23513559616953,113.48886,127.36363636363636
,,47540,,,,,,,
281.4,62.80552153000944,48001,452.76513236363627,434.4175304696455,7,193.11148,134.38923844764284,63.43706,245.1818181818182
,,48367,,,,,,,
288.9,82.55398742912305,49001,420.01706381818184,445.258581892254,7,192.0894,120.74172574970736,83.25981,268.54545454545456
,,49319,,,,,,,
298.5,83.49820864121341,50001,346.31293045454544,409.14942880387656,6,187.17482,123.68796074202741,83.69981,213.72727272727272
,,50127,,,,,,,
,,50996,,,,,,,
305.0,103.239124131478,51001,327.6197363636364,508.54640964492904,6,194.77887,92.72920143491683,103.724396,211.9090909090909
,,51925,,,,,,,
332.0,54.553426476728845,52001,458.428014,501.34591679736496,7,185.36992,133.0056129163689,56.035927,247.54545454545453
,,52846,,,,,,,
356.1,63.75939856200177,53001,458.89269763636366,483.0116279991263,7,189.64203,133.40139611031725,64.61382,259.45454545454544
,,53570,,,,,,,
365.5,66.07697359473124,54001,392.4974458181819,444.271375441219,6,178.75136,127.96777840850258,66.7805,236.36363636363637
,,54373,,,,,,,
377.7,51.3275309532759,55001,313.41712045454545,388.01357433771716,4,159.50441,134.66122680183085,52.91764,163.27272727272728
,,55154,,,,,,,
,,55850,,,,,,,
396.5,24.74722061892729,56001,435.1625307272727,449.0578847884938,5,166.0967,152.02925735554984,31.091002,201.36363636363637
,,56708,,,,,,,
385.2,67.53835792318093,57001,298.24909227272724,351.11769167753863,4,171.46269,129.37775552380182,67.97329,163.0909090909091
,,57667,,,,,,,
363.3,108.14846700513658,58001,216.35116427272726,350.3154730948604,5,179.60048,91.56740522468046,109.26599,182.9090909090909
,,58674,,,,,,,
360.9,67.56026092005355,59001,330.97785727272725,328.47081782557234,4,187.94794,144.3659475123848,68.65187,155.9090909090909
,,59209,,,,,,,
,,59801,,,,,,,
359.5,58.15999975651695,60001,356.9970921818181,484.71696614953214,4,186.99258,153.3109717622031,74.4065,153.27272727272728
,,60426,,,,,,,
352.3,87.46914747076559,61001,316.05052754545454,15.562978789343155,4,192.45235,119.52512499385594,94.1956,147.0909090909091
,,61023,,,,,,,
,,61476,,,,,,,
,,61887,,,,,,,
333.9,59.39305341213203,62001,313.58129136363635,260.2388113470351,3,182.08961,155.3086475836035,63.06877,125.9090909090909
,,62395,,,,,,,
,,62947,,,,,,,
310.7,103.10933753745202,63001,180.20635345454545,182.48541814075676,2,177.36456,110.13882060563219,103.75759,95.54545454545455
,,63527,,,,,,,
309.5,78.12937216256813,64001,333.4724525454546,277.9538951688,3,199.9604,160.23979363813194,78.86369,142.0
,,64134,,,,,,,
,,64843,,,,,,,
298.0,77.35544250187343,65001,307.2242742727272,246.45057875964565,3,192.72878,152.11792933749126,79.91148,134.0
,,65383,,,,,,,
333.7,11.802115070022444,66001,683.0651680909091,701.143124140142,6,207.28905,205.67381436657442,34.786594,237.0
,,66062,,,,,,,
392.8,18.32112507798773,67001,779.7674333636364,709.0051336865288,8,222.53194,194.02556745345964,24.778362,287.27272727272725
,,67034,,,,,,,
,,67833,,,,,,,
413.4,55.223919262995196,68001,469.0694064545456,444.763607845586,4,218.04839,190.2068712077177,56.926758,172.27272727272728
,,68634,,,,,,,
440.5,32.90811734393901,69001,588.5671051818182,592.8882176692097,6,214.31157,197.34928953531136,33.744705,216.72727272727272
,,69518,,,,,,,
444.7,44.258696073254896,70001,434.59959,537.3296359907463,4,193.12799,180.61826751018614,48.395016,166.1818181818182
,,70304,,,,,,,
,,70950,,,,,,,
452.5,52.07009831588734,71001,348.79351599999995,517.5741686599528,3,180.47223,163.80831522088278,63.075596,139.54545454545453
,,71649,,,,,,,
454.6,105.52416021343387,72001,163.91127763636365,116.50813073929744,2,172.46323,102.90909059979599,105.761696,89.36363636363636
,,72231,,,,,,,
,,72956,,,,,,,
475.5,10.32968704731614,73001,527.8089338181819,452.39246096414786,5,193.0838,203.66881443179497,23.63993,178.0
,,73703,,,,,,,
502.4,39.01448330923842,74001,554.5781145454547,344.7304972980936,5,203.11794,185.17780333856805,55.042152,203.63636363636363
,,74608,,,,,,,
470.7,62.509147115764044,75001,304.9741926363637,358.4474255273826,3,179.58284,151.9201376637725,68.00912,127.45454545454545
,,75771,,,,,,,
446.6,58.91573361168187,76001,576.731369,469.95580081364415,6,215.97949,156.26038531162513,76.22194,243.54545454545453
,,76828,,,,,,,
452.3,66.22194120904278,77001,575.445362090909,561.0201044345412,5,238.16924,192.81731487897403,74.43267,208.1818181818182
,,77373,,,,,,,
483.9,68.20833019177816,78001,863.5113989090908,656.7547589716112,9,264.45804,198.39684948664274,76.863815,321.1818181818182
,,78228,,,,,,,
,,78767,,,,,,,
494.8,44.05286372674219,79001,535.7390523636363,358.48963876010407,5,213.00038,199.95050203955972,60.429367,194.72727272727272
,,79450,,,,,,,
514.9,73.43092784316697,80001,533.6883972727272,404.10047062150966,5,229.95177,187.61516604182688,82.13843,209.0909090909091
,,80042,,,,,,,
,,80833,,,,,,,
582.9,48.92761096192101,81001,917.7826759999999,1256.9964946757625,8,269.12048,223.69671337058298,53.93365,312.09090909090907
,,81623,,,,,,,
619.2,60.23959172470148,82001,787.158252,1147.1185150221843,7,261.2703,207.50807508108562,64.731255,264.0
,,82276,,,,,,,
582.7,133.5457467974995,83001,155.3437882727273,144.3653142153598,2,196.47534,102.07597201131529,134.39087,85.72727272727273
,,83014,,,,,,,
,,83315,,,,,,,
,,83944,,,,,,,
585.7,111.2441322686468,84001,328.857682,179.5568365304616,3,216.0169,139.37866784835094,124.28726,135.36363636363637
,,84603,,,,,,,
538.1,152.1541077877378,85001,108.12303645454546,109.34406492139887,1,197.44298,79.68789277819218,155.60672,64.54545454545455
,,85030,,,,,,,
,,85294,,,,,,,
,,85952,,,,,,,
485.5,167.7419526926668,86001,96.41420718181817,95.90495601218777,1,204.57025,73.37161975394837,169.53253,64.54545454545455
,,86330,,,,,,,
428.0,101.37260604781395,87001,301.5911903636363,165.83376316118427,3,213.40527,147.40994282255343,103.3213,129.0
,,87163,,,,,,,
,,87758,,,,,,,
374.4,164.60716781632613,88001,122.56785763636366,103.5659352679474,2,212.3454,82.76630228616514,165.71895,80.0
,,88218,,,,,,,
,,88526,,,,,,,
,,88898,,,,,,,
327.9,150.9342506123392,89001,103.41639572727273,103.27691564107022,1,193.41537,77.26786444701078,157.77173,63.36363636363637
,,89174,,,,,,,
,,89826,,,,,,,
250.4,150.88437333422488,90001,102.01210218181818,101.35385952176694,1,191.54517,76.42241529261184,156.37819,64.81818181818181
,,90392,,,,,,,
,,90705,,,,,,,
,,90969,,,,,,,
171.1,134.29101747197774,91001,107.38501072727273,108.11333795506854,1,179.57472,79.69340289384564,136.48586,62.90909090909091
,,91233,,,,,,,
,,91775,,,,,,,
267.2,66.02211889073396,92001,1195.3956224545454,695.4174475527014,12,290.8935,226.3406144856914,70.66063,428.72727272727275
,,92267,,,,,,,
,,92790,,,,,,,
255.2,144.20461502039845,93001,156.38817290909086,109.60015960735475,2,209.6797,101.68059514556171,145.1723,81.27272727272727
,,93073,,,,,,,
,,93605,,,,,,,
331.3,18.027044405022643,94001,886.2247678181818,870.8715376015169,7,257.67444,240.81114710394112,31.714533,270.27272727272725
,,94172,,,,,,,
429.8,28.60608702805739,95001,983.3634062727273,756.8682922187323,8,271.31677,243.44311421928595,44.258083,303.09090909090907
,,95493,,,,,,,
482.9,47.417657062790525,96001,812.6930088181817,1264.0051129291785,6,277.40317,235.20574252423287,54.977634,244.9090909090909
,,96397,,,,,,,
571.0,55.83558202410746,97001,901.050562,839.9823513365075,8,289.7422,223.18984644252305,60.213024,288.72727272727275
,,97119,,,,,,,
674.4,63.049664612465044,98001,1002.8053519090911,391.87088766650857,8,296.63312,230.7172261710755,69.054146,315.72727272727275
,,98469,,,,,,,
731.5,95.18641921231038,99001,624.717587,417.33092177772295,6,276.07178,193.35311717673878,100.39409,211.0909090909091
,,99554,,,,,,,
805.4,79.61009439762903,100001,792.6602845454545,585.96580649721,6,298.4442,218.8321321459728,87.96665,245.1818181818182
,,100409,,,,,,,
757.4,108.16454152223592,101001,643.0970732727274,687.9791133396699,7,293.35953,155.64242708862741,111.28918,249.63636363636363
,,101548,,,,,,,
794.6,104.01195781833776,102001,608.5940056363637,578.1528038585693,5,300.81528,193.54928016476322,105.34184,203.9090909090909
,,102530,,,,,,,
787.9,85.38158035018317,103001,681.8518916363636,469.6741651888472,6,284.87772,206.8050310751728,91.53129,225.36363636363637
,,103260,,,,,,,
746.4,95.76670356164244,104001,606.4569680909091,674.9669114239191,5,290.30667,201.80691101717682,102.542854,206.54545454545453
,,104167,,,,,,,
,,104861,,,,,,,
706.1,115.08284419950319,105001,419.5281224545454,402.7525779481086,4,256.35898,164.64129075565094,124.22878,156.36363636363637
,,105525,,,,,,,
693.2,84.59847962531025,106001,830.021374090909,706.6365382598102,7,300.77078,208.24517151223807,94.43963,269.8181818181818
,,106417,,,,,,,
658.9,81.28276502287059,107001,778.5390585454545,1110.931305365428,7,292.58084,219.39947451771334,87.04021,255.36363636363637
,,107327,,,,,,,
651.9,106.28528608052005,108001,551.7693741818182,720.2097770132177,5,243.70566,148.33547058725642,114.49301,190.63636363636363
,,108704,,,,,,,
660.0,77.09310700186164,109001,821.4056807272729,475.167506931058,6,294.079,220.25623022999264,105.56281,244.63636363636363
,,109924,,,,,,,
670.5,104.00975249531167,110001,712.9749665454545,558.0573691136229,6,317.84613,219.776444451136,105.55954,221.63636363636363
,,110863,,,,,,,
684.1,101.31305809526094,111001,867.0944346363635,1567.6472379187942,8,313.91852,215.5915241200469,104.36157,286.1818181818182
,,111893,,,,,,,
685.6,138.88116010811052,112001,504.448201,152.38134166504284,6,285.803,161.15922842678546,140.14244,218.54545454545453
,,112724,,,,,,,
690.0,109.94612875278482,113001,776.5504825454544,1073.7646292696236,7,305.5273,191.05365449285512,117.12219,276.1818181818182
,,113418,,,,,,,
,,113792,,,,,,,
714.6,110.30358180237008,114001,668.3663245454545,707.5710110151974,6,298.60437,208.66332218566924,117.3011,227.8181818181818
,,114627,,,,,,,
691.0,144.39114583623288,115001,509.83032809090906,317.9551500309077,5,304.61554,182.14789518638523,150.5055,174.8181818181818
,,115465,,,,,,,
708.7,97.31337192548045,116001,965.7125680909091,948.0794775171569,8,352.2079,236.60524437802167,98.778175,284.90909090909093
,,116224,,,,,,,
724.4,133.84145272648428,117001,625.2495402727272,643.277908714984,6,325.87598,203.02877616465022,135.39809,210.45454545454547
,,117004,,,,,,,
,,117739,,,,,,,
673.9,162.34650800499102,118001,445.9969892727273,441.97579861619363,5,311.9912,160.4054604432569,162.99791,196.1818181818182
,,118385,,,,,,,
,,118451,,,,,,,
,,118694,,,,,,,
616.4,202.70840442285626,119001,112.86249609090909,146.98060943664245,2,247.19012,69.88971190677029,203.44156,84.81818181818181
,,119237,,,,,,,
,,119591,,,,,,,
639.2,156.18694700130132,120001,1167.861805181818,2096.4907561042382,13,339.28055,142.0494788116107,157.81458,473.09090909090907
,,120792,,,,,,,
628.2,192.4754660983876,121001,372.76283918181815,20.388563921616985,5,298.49918,107.6311952761563,193.41675,181.0909090909091
,,121878,,,,,,,
579.4,218.7211851243587,122001,235.10429772727275,97.7499644603229,5,283.80814,81.84654627909161,219.85716,202.72727272727272
,,122577,,,,,,,
538.9,180.6795222491188,123001,536.6621424545455,2214.7545246844206,9,295.41647,110.25198703147353,184.32872,321.90909090909093
,,123045,,,,,,,
,,123664,,,,,,,
558.9,192.5282604124685,124001,593.5798985454545,375.26222865412285,15,297.9059,121.85364704873396,192.63744,545.0909090909091
,,124471,,,,,,,
541.0,195.85656027016137,125001,749.8924482727272,895.5509119090119,17,316.12012,95.69631049814205,195.89879,609.3636363636364
,,125084,,,,,,,
,,125951,,,,,,,
575.2,104.72882661719349,126001,1054.8755145454545,1733.727750694232,8,366.7869,213.45229146346048,110.512215,311.1818181818182
632.1,113.66391097014274,127001,914.5979076363636,800.3508153340276,7,359.9945,225.29784764917247,126.69689,270.27272727272725
,,127159,,,,,,,
,,127940,,,,,,,
658.7,230.81877342529663,128001,436.7593616363636,1125.9899333875835,6,358.55295,129.23422019645807,231.37216,218.0909090909091
,,128363,,,,,,,
608.1,226.87825798948535,129001,424.03420872727276,611.947898463863,5,365.85226,150.76908369057367,227.14526,179.0909090909091
,,129131,,,,,,,
,,129815,,,,,,,
580.0,229.91583878297942,130001,368.28430799999995,574.4571921008221,5,331.6727,108.01244797634695,235.12865,193.1818181818182
,,130447,,,,,,,
,,130984,,,,,,,
583.9,231.8396944802814,131001,214.78925963636365,188.28039878353252,2,318.41296,122.59457676540978,232.38222,100.36363636363636
,,131409,,,,,,,
581.9,235.03403576974532,132001,322.82044236363635,596.3393716491655,4,340.71347,132.76722089355033,236.61612,157.0
,,132006,,,,,,,
,,132521,,,,,,,
534.4,242.7228173067663,133001,318.27055827272727,77.81707314856138,5,334.65753,122.81663517392425,243.50043,190.36363636363637
,,133394,,,,,,,
468.3,320.217388647696,134001,65.42048318181818,70.24148302761336,2,333.99915,54.29646104486521,320.2174,84.9090909090909
,,134018,,,,,,,
,,134478,,,,,,,
381.2,283.28441583629206,135001,123.29437672727272,75.39157340109722,3,315.3519,72.6531798453006,284.28506,138.63636363636363
,,135135,,,,,,,
,,135571,,,,,,,
281.0,273.6323740482735,136001,105.4572808181818,132.7635771999553,7,296.92224,65.16953137824058,274.90427,256.1818181818182
,,136549,,,,,,,
264.4,234.43978423733176,137001,354.1941775454545,239.18570065260948,5,336.86252,120.21729272352083,234.84816,198.27272727272728
,,137620,,,,,,,
329.8,183.75091584848587,138001,1087.388322181818,452.401358824948,11,370.40857,155.74285863652491,189.55034,393.1818181818182
,,138519,,,,,,,
351.6,232.20164326307423,139001,439.8251047272728,105.18888998766096,6,346.41962,117.22532673933087,232.49806,243.63636363636363
,,139590,,,,,,,
327.4,224.2780799971101,140001,142.16987272727272,137.3194168249736,2,280.5361,90.44092243622644,225.2661,91.9090909090909
,,140254,,,,,,,
346.0,226.19715296831038,141001,435.32040754545454,119.70077055537233,5,334.30627,117.65459262946034,228.56627,204.36363636363637
,,141273,,,,,,,
391.2,203.27878403838986,142001,794.3009892727273,139.08470209100452,8,370.78964,153.03407686064168,207.72267,300.1818181818182
,,142098,,,,,,,
398.1,244.1031107298658,143001,137.80562,148.29255396661682,2,299.63953,84.87103879333691,244.59142,96.45454545454545
,,143232,,,,,,,
408.3,234.67310728315695,144001,209.84439945454548,153.48178250473683,3,313.35547,114.02922883891473,235.22476,115.63636363636364
,,144285,,,,,,,
,,144716,,,,,,,
466.7,209.74360848786492,145001,602.1538635454546,155.59928135829298,6,355.4302,139.3452806084251,218.53067,223.45454545454547
,,145758,,,,,,,
442.6,252.37982594870752,146001,113.83522963636364,92.24389415489698,2,299.81607,76.38077674437824,252.86182,81.45454545454545
,,146421,,,,,,,
394.2,207.5072046203125,147001,586.6845927272727,135.16294893544747,6,339.6632,129.68040404318745,210.49806,211.54545454545453
,,147129,,,,,,,
,,147495,,,,,,,
,,147919,,,,,,,
352.9,235.22274883468808,148001,154.55266972727273,108.87124938725586,3,291.13925,81.46809789110279,238.65553,113.0
,,148834,,,,,,,
389.6,189.8662875474806,149001,528.5202747272727,496.8562203939618,6,336.93912,136.12854387150594,192.92792,241.45454545454547
,,149418,,,,,,,
,,149782,,,,,,,
368.1,202.30993570273333,150001,282.2048548181818,1102.8220757119698,3,290.6527,106.59334378209219,206.68407,132.8181818181818
,,150108,,,,,,,
,,150461,,,,,,,
333.6,201.84544629944185,151001,510.0265074545454,1298.7784421978122,5,332.29953,124.64744406765463,203.3919,200.45454545454547
374.4,214.95964767805006,152001,478.63194672727275,978.9743409335632,5,352.0967,138.608878742377,218.28856,183.72727272727272
,,152030,,,,,,,
,,152404,,,,,,,
,,152785,,,,,,,
371.3,170.52845673335852,153001,94.76149127272728,91.47577452831392,2,206.054,65.65545045131934,181.6609,83.72727272727273
,,153122,,,,,,,
,,153481,,,,,,,
357.7,194.5749649401132,154001,661.5154501818183,2159.796716978704,6,324.83774,113.62055112799516,199.2789,242.72727272727272
,,154021,,,,,,,
,,154411,,,,,,,
,,154780,,,,,,,
376.5,172.47237280259327,155001,118.55714854545454,119.63168202283605,2,217.61627,83.126058961651,186.25645,79.9090909090909
,,155138,,,,,,,
,,155568,,,,,,,
,,155956,,,,,,,
356.8,206.54315122181126,156001,469.5705349090909,881.5676912331354,4,327.18997,132.02359751432104,209.20802,172.45454545454547
,,156335,,,,,,,
,,156869,,,,,,,
359.5,169.9855862673451,157001,103.80045545454546,107.82680755917265,2,206.7923,70.77971925855736,174.91002,91.63636363636364
,,157505,,,,,,,
,,157918,,,,,,,
352.3,187.1169004726605,158001,475.69863836363635,688.1298838965861,5,335.186,160.17722887587345,189.58165,181.45454545454547
,,158338,,,,,,,
,,158666,,,,,,,
368.7,251.00910432621478,159001,278.2284304545455,82.9215927421381,4,325.94284,92.2997652416341,251.60631,148.0909090909091
,,159489,,,,,,,
,,159879,,,,,,,
367.4,196.9639806869642,160001,530.0310086363637,110.27101920122446,5,332.007,125.77090864256321,199.51881,208.8181818181818
,,160706,,,,,,,
369.9,182.88089631789734,161001,544.4871615454545,124.20668695671776,5,343.78983,168.24978673014675,191.04652,182.0909090909091
,,161523,,,,,,,
380.7,233.45992979253836,162001,269.894317,81.49743124438696,3,323.1532,112.02430049958484,234.97398,134.63636363636363
,,162036,,,,,,,
,,162618,,,,,,,
364.7,197.3928985787213,163001,338.5578121818182,208.3756165549534,4,295.62036,113.11358133913086,201.47495,142.36363636363637
,,163801,,,,,,,
367.8,212.36141047243657,164001,334.8785620909091,264.79574083974006,5,320.90182,112.11686915158994,214.50717,187.63636363636363
363.9,223.16287857504548,165001,341.09506836363636,32.61313664813356,4,329.19336,103.37854689976069,223.19516,169.54545454545453
,,165072,,,,,,,
385.7,203.08908154913172,166001,388.1754547272727,147.836370063844,5,323.2576,113.3442274946473,204.53116,210.63636363636363
,,166336,,,,,,,
408.9,201.46892925701798,167001,579.4357468181818,183.1497588659218,7,353.6595,126.6018697859151,204.6179,261.3636363636364
,,167228,,,,,,,
440.7,191.09947849068294,168001,589.2865536363637,524.8343207597719,8,345.7308,118.00827192515486,191.68866,299.54545454545456
,,168027,,,,,,,
421.2,242.2772023224404,169001,367.29430781818184,137.64511296475706,4,371.9377,123.75300097124008,242.51953,153.72727272727272
,,169049,,,,,,,
,,169687,,,,,,,
381.5,224.65722565704135,170001,202.0025589090909,159.98700056068498,3,301.1687,96.58049661586016,226.27301,119.81818181818181
,,170332,,,,,,,
,,170924,,,,,,,
395.6,174.3831999380914,171001,553.3560768181817,1298.0054018588387,6,320.2866,140.7336510358308,183.22487,231.1818181818182
,,171567,,,,,,,
411.7,195.46189219928166,172001,266.0992612727273,322.90564334275786,4,282.91382,110.17212237019272,196.93382,137.9090909090909
,,172402,,,,,,,
,,172819,,,,,,,
391.6,237.52886813765627,173001,261.0530403636364,299.35628397258984,4,326.82022,115.89324952561147,239.81151,145.1818181818182
,,173557,,,,,,,
423.2,134.50849592932897,174001,593.1897180000001,339.0463361071288,6,271.6509,131.43690940192394,154.81773,231.72727272727272
,,174303,,,,,,,
,,174801,,,,,,,
404.7,251.3770579007519,175001,217.87764972727274,92.57904389859424,4,308.68387,79.5183558943732,252.9828,168.1818181818182
,,175653,,,,,,,
376.0,202.2688325535478,176001,434.67816899999997,1238.495950752396,6,318.62643,131.84300246850069,204.61386,233.27272727272728
,,176378,,,,,,,
350.8,247.47497748360777,177001,259.7097831818182,434.8741547839752,5,318.02042,91.38562708722951,247.75279,181.0
,,177134,,,,,,,
334.7,257.0070262562642,178001,212.88279536363635,139.9041680186398,4,314.96838,90.61387062309974,257.823,168.63636363636363
,,178176,,,,,,,
354.2,184.7815536809135,179001,488.30667481818176,986.7112289109152,6,300.93393,120.17032799792705,195.82147,223.0
,,179192,,,,,,,
,,179663,,,,,,,
339.0,251.0364716892608,180001,237.56880463636364,528.1131911005398,5,318.4349,100.92362929675988,252.4359,175.9090909090909
,,180340,,,,,,,
353.9,194.92278362477418,181001,491.4067315454546,251.82305148478602,6,326.25928,126.99612794645735,198.75333,232.0909090909091
,,181131,,,,,,,
,,181809,,,,,,,
371.0,231.03870384046965,182001,415.36000663636366,208.6751718337185,5,345.65005,119.77022757721356,231.84157,196.1818181818182
,,182399,,,,,,,
383.1,158.68967226157014,183001,806.260247,1445.03528459713,7,354.61136,162.95726736427017,166.45055,255.1818181818182
,,183150,,,,,,,
,,183500,,,,,,,
,,183888,,,,,,,
453.2,176.6809997844893,184001,815.156761909091,809.8008868907882,7,375.28308,165.49571954307817,181.86931,251.63636363636363
,,184397,,,,,,,
,,184934,,,,,,,
441.9,183.07610542247338,185001,136.70773845454545,91.28026210397972,3,233.72777,73.27595073947792,184.65117,123.18181818181819
,,185654,,,,,,,
427.6,206.39195798314884,186001,238.92291745454543,88.53281984972675,3,273.03787,79.72298968640199,213.34035,113.0909090909091
,,186085,,,,,,,
,,186920,,,,,,,
476.3,172.3833922576428,187001,835.5972370909093,1744.8234277096208,6,391.737,184.78294134144386,179.71828,245.36363636363637
507.9,205.79285865348976,188001,550.0949185454546,181.8303836135462,4,352.9906,142.82722367997937,208.98373,173.63636363636363
,,188217,,,,,,,
544.9,212.10594445565383,189001,617.6704465454545,239.07405508008097,5,368.78326,159.3433596581569,215.72607,178.45454545454547
,,189492,,,,,,,
701.0,117.22670889585265,190001,1968.032011090909,503.372599536758,13,456.0828,278.2068465833521,123.38838,475.09090909090907
,,190454,,,,,,,
802.3,136.2414381419984,191001,1275.4610426363636,87.52723263494717,8,367.46536,186.9806675064456,158.81158,289.8181818181818
,,191446,,,,,,,
837.8,154.34375019872212,192001,1170.6610770000002,2223.829925523414,8,392.89874,194.58534036861877,167.29263,286.27272727272725
,,192457,,,,,,,
859.2,137.63328503301088,193001,1075.989681818182,1762.9787012484085,7,406.2241,225.88162877122207,143.20337,280.3636363636364
,,193779,,,,,,,
1089.9,38.944296749711974,194001,2325.8318767272726,1842.750856179898,13,443.17795,297.6953612291464,63.006813,474.45454545454544
1160.6,177.1191647132448,195001,802.3421259090909,952.567886363921,6,425.154,241.14705459071283,178.08452,216.54545454545453
,,195846,,,,,,,
1207.8,156.0867598696694,196001,1156.6200005454546,1861.7781124852454,8,420.43213,236.43408675370492,163.41986,293.72727272727275
,,196938,,,,,,,
1261.5,173.5135066455586,197001,923.5555131818181,443.2813633265876,6,413.98398,225.854859603008,177.47247,241.0909090909091
,,197505,,,,,,,
1256.3,190.06539740916278,198001,783.6103136363637,1026.5684614187442,6,412.78537,195.04530579119717,191.73364,230.27272727272728
,,198922,,,,,,,
1139.0,200.138680795382,199001,765.1734808181819,1348.5612176121494,6,427.33704,227.45285576325435,201.35854,216.54545454545453
,,199757,,,,,,,
1035.1,205.6225238956211,200001,518.9947212727272,1567.8610805656906,5,351.1301,134.55110798826357,207.43687,177.27272727272728
,,200630,,,,,,,
1020.3,204.79449077716134,201001,774.0831352727273,852.7682866923826,6,394.7918,154.79945766358426,206.47852,236.63636363636363
,,201742,,,,,,,
1035.0,172.635906533686,202001,1074.8820600909091,19.61490007301106,8,404.9818,150.68880519481522,174.7727,294.3636363636364
,,202734,,,,,,,
930.6,140.30278189998182,203001,1372.3723115454543,555.7483431414566,9,443.69385,251.52995084072788,146.26434,321.09090909090907
,,203934,,,,,,,
928.7,152.7622966409157,204001,1081.5221372727272,1983.4564224552262,7,402.68875,205.48753640813948,157.4806,269.6363636363636
934.1,184.82904864136498,205001,925.8048460909089,358.31005841164534,7,428.18802,217.7254974222399,187.18097,254.63636363636363
,,205710,,,,,,,
874.4,233.58143775899086,206001,496.3790473636364,303.74719830933714,4,364.2449,120.98124180095114,236.34633,161.0
,,206330,,,,,,,
849.0,198.70492865519645,207001,648.9395976363636,515.0452870056223,5,395.87503,189.4275653564364,205.12427,189.0909090909091
,,207252,,,,,,,
823.9,240.24282761574034,208001,457.59002318181814,351.1952277397065,4,375.824,139.64129472484547,240.72552,174.1818181818182
,,208086,,,,,,,
,,208637,,,,,,,
861.3,192.55558254695944,209001,894.1202079999999,1296.5718470179183,7,423.63623,185.80316662057177,194.2951,257.72727272727275
,,209663,,,,,,,
825.1,243.69933956221203,210001,462.79991572727283,180.48443780493278,4,388.75333,147.54101691570813,244.16508,166.1818181818182
