#{"t_start": 1642214705.1963377, "env_id": "Humanoid-v2"}
r,l,t
141.760909,28,13.264571
100.255594,20,13.317079
78.600343,16,13.358555
136.137912,27,13.424523
121.758969,24,13.758103
133.660136,28,13.823005
89.658247,18,13.867167
132.325148,26,13.927438
131.599208,25,14.00888
122.790402,24,14.066242
105.968834,21,14.11591
89.981734,18,14.158326
199.914892,41,14.283612
117.035495,23,14.341187
207.131974,42,14.44366
83.22303,17,14.489344
112.58431,22,14.584785
95.052727,19,14.631964
118.288473,23,14.686368
111.071022,22,14.739529
96.094519,19,14.834542
167.624625,33,14.910665
138.393372,27,14.975943
104.558293,21,15.026333
100.706816,20,15.13258
98.804577,20,15.18039
90.108692,18,15.222344
108.479606,23,15.275542
112.957972,22,15.328801
95.544946,19,15.447027
135.779759,27,15.511221
99.87831,20,15.561054
90.011042,18,15.605577
89.516969,18,15.64784
118.430596,23,15.782593
151.448399,32,15.856927
89.213031,18,15.902866
112.32508,22,15.955449
78.684329,16,15.995213
90.564636,18,16.132361
124.40238,25,16.190799
144.380223,28,16.258552
108.141128,21,16.310707
94.052585,19,17.319483
83.303487,17,17.359308
119.764021,24,17.413534
105.041279,21,17.463231
96.052432,19,17.507212
94.285815,19,17.662626
94.282324,19,17.706845
137.463717,30,17.775016
83.585151,17,17.816348
130.615595,28,18.000199
169.096208,36,18.08485
157.479641,30,18.155911
137.788276,27,18.220702
101.562395,20,18.399436
135.422177,26,18.459657
106.836556,21,18.50947
120.570565,25,18.567733
100.806972,20,18.754491
167.044575,33,18.829368
133.526074,26,18.891438
174.678131,36,19.120175
88.565776,18,19.165256
125.007824,25,19.221819
228.931337,46,19.32764
108.922156,22,19.538574
83.346393,17,19.579021
135.538053,26,19.638502
95.364293,19,19.683502
100.163429,20,19.730691
105.932288,21,19.946965
101.130645,20,19.993869
78.532426,16,20.031819
142.875608,29,20.097287
83.493488,17,20.314513
83.312022,17,20.353958
89.072176,18,20.395396
117.701543,23,20.44754
171.324422,33,20.522875
150.118256,30,20.7819
123.861059,24,20.83867
95.783925,19,20.884116
99.334355,20,20.930766
147.158255,32,22.074405
123.341562,24,22.133538
88.375969,18,22.177739
100.833705,20,22.226212
182.235558,35,22.511948
83.991552,17,22.554757
168.823133,34,22.631862
112.988909,22,22.685805
172.1421,36,22.982549
125.914569,26,23.045414
101.39728,20,23.09374
125.500089,25,23.151722
89.514684,18,23.418341
143.023625,28,23.48166
95.758105,19,23.52769
193.795185,39,23.61599
146.229549,28,23.916732
83.101292,17,23.958376
105.558996,21,24.006708
83.595672,17,24.046503
125.647287,25,24.345611
182.512335,36,24.428978
117.233492,23,24.485127
281.86519,56,24.862175
124.278366,24,24.924656
113.93775,23,24.977881
191.156341,37,25.318244
155.366675,32,25.394855
106.055923,21,25.446043
94.565972,19,25.490544
89.014497,18,25.53232
124.100912,24,25.855501
148.899189,29,25.922803
83.732178,17,25.964868
101.245115,20,26.011559
88.53429,18,26.330961
88.953197,18,26.372843
157.72945,32,26.44551
100.13624,20,26.494341
151.142452,30,27.677776
83.318802,17,27.719389
88.671182,18,27.760548
95.271591,19,27.804398
83.959682,17,27.844296
83.405652,17,27.886524
101.521193,20,28.23192
134.407981,28,28.296727
101.952389,20,28.34501
124.054844,24,28.402582
102.193009,20,28.757476
113.99178,22,28.809059
95.191874,19,28.854001
95.142404,19,28.898488
104.915332,21,28.946681
118.161526,23,29.318645
289.375514,56,29.446465
118.772283,23,29.509398
105.831445,21,29.885865
99.94413,20,29.93294
88.749551,18,29.975239
116.975394,23,30.027548
194.929211,40,30.455375
140.42398,27,30.521237
104.617884,21,30.571384
90.444631,18,30.613565
134.974924,26,30.673039
192.496496,39,31.108354
184.717938,38,31.199549
95.724227,19,31.247155
119.942816,23,31.654065
99.734996,20,31.701041
83.556323,17,31.741085
95.149058,19,31.78501
112.150822,22,31.835769
174.069024,34,32.278069
88.467999,18,32.322729
97.225046,19,32.366473
88.657969,18,32.408409
101.484914,20,32.82796
83.690906,17,32.868067
89.370273,18,32.910258
106.690777,21,32.959376
89.250098,18,33.001909
100.901617,20,33.048926
112.164613,22,34.349046
82.988578,17,34.38949
153.356616,31,34.46016
106.268319,21,34.511322
94.625306,19,34.970051
83.413768,17,35.010782
133.753376,26,35.070791
155.62312,30,35.141287
122.238165,24,35.60261
179.229385,33,35.679478
94.797496,19,35.726373
113.433441,22,35.777557
118.648921,24,36.249495
100.842553,20,36.296468
104.186241,21,36.34493
111.251248,22,36.396716
89.182081,18,36.439759
95.088554,19,36.909327
95.823738,19,36.953519
217.70282,44,37.052511
83.880732,17,37.096753
109.703292,22,37.580946
146.479514,29,37.648052
95.622962,19,37.69467
90.498157,18,37.73762
199.435632,41,38.279443
135.196563,26,38.343366
119.998148,25,38.402615
110.207669,22,38.454042
111.277676,22,38.956917
154.075444,32,39.030546
88.864508,18,39.075102
166.272326,35,39.155122
95.268086,19,39.662816
167.649176,33,39.738164
88.062407,18,39.782503
90.255695,18,39.824092
113.501847,23,40.349009
188.283409,38,40.437064
89.185419,18,40.482669
100.903614,20,40.528834
83.526305,17,40.568971
144.997069,28,41.967885
117.321129,23,42.022714
108.163041,22,42.074451
209.473224,44,42.665241
134.682781,26,42.730529
89.013447,18,42.774308
141.913818,28,42.837789
132.639369,26,43.398121
89.212636,18,43.441487
89.350838,18,43.483517
143.483226,28,43.546654
111.737841,22,43.60003
118.125504,23,44.162064
121.516235,24,44.218477
187.146967,39,44.30931
84.049581,17,44.906011
100.431422,20,44.955255
88.31689,18,44.999671
167.018832,32,45.076417
130.650548,25,45.138754
95.120973,19,45.735665
99.912767,20,45.783485
111.151545,22,45.836533
148.03766,28,45.904808
102.574883,20,46.503206
83.480365,17,46.542802
150.767048,29,46.608369
141.237464,27,46.671543
106.863827,21,46.721652
179.771118,35,47.34913
159.298593,31,47.422858
114.881897,23,47.478093
95.28782,19,48.078429
85.529165,17,48.118218
107.861444,21,48.166996
95.071538,19,48.211169
142.294655,28,48.275906
95.727958,19,48.886703
104.056478,21,48.935058
112.793923,22,48.985869
96.04183,19,49.030362
88.289169,18,49.072325
274.038898,59,50.64324
111.027137,22,50.701454
100.568723,20,50.748642
135.563372,27,51.400576
175.763439,34,51.484632
133.214216,26,51.549584
122.493693,24,52.198411
111.046282,22,52.250488
95.204555,19,52.295637
181.158637,38,52.382548
175.352825,34,53.066262
133.9649,26,53.129235
132.793529,26,53.190375
83.561954,17,53.230975
183.051962,37,53.927848
83.9712,17,53.971581
110.731513,22,54.021924
124.903244,24,54.078262
118.106427,23,54.751678
142.863821,28,54.816345
101.760702,20,54.864159
83.20497,17,54.904166
161.032349,31,55.604744
110.455296,22,55.657747
95.184363,19,55.702698
95.806438,19,55.747173
184.535942,36,56.468809
88.937473,18,56.51409
145.336883,28,56.578865
244.005576,48,56.687983
130.696606,25,57.399288
112.657946,22,57.451304
88.27781,18,57.494348
157.970588,31,57.565272
94.878066,19,58.268977
88.712236,18,58.311078
95.812173,19,58.355235
88.542215,18,58.400973
176.01901,34,58.485228
104.92944,21,60.133298
169.284793,33,60.210782
106.911154,21,60.26318
116.578152,23,60.316176
94.424796,19,61.038413
119.810034,25,61.095786
154.574209,31,61.168242
110.83808,23,61.223585
89.780597,18,61.951654
94.854734,19,61.995671
138.483692,27,62.058418
115.438614,23,62.112117
169.781449,35,62.889216
83.395142,17,62.931987
116.699291,23,62.985419
140.148604,27,63.047997
112.899194,22,63.804041
83.796967,17,63.844807
138.930057,28,63.908053
138.985128,29,63.976187
134.093772,27,64.771472
142.66707,29,64.845218
94.675717,19,64.894651
83.281937,17,64.936425
89.107876,18,64.979878
95.556372,19,65.748944
101.051943,20,65.795347
88.212312,18,65.837624
171.555139,34,65.913873
101.803208,20,66.696521
96.007883,19,66.740741
172.385884,36,66.823815
83.862222,17,66.866731
156.154907,30,67.674446
88.509892,18,67.718009
128.610813,25,67.775796
100.846307,20,67.824376
96.502361,19,67.868
129.083315,25,68.679407
106.439663,21,68.729364
99.608901,20,68.776306
189.03631,39,68.864775
137.415719,27,70.555075
83.45448,17,70.596558
152.771698,31,70.666882
89.276146,18,70.711008
188.604392,38,71.56663
118.282867,24,71.624905
213.554443,41,71.71848
88.632641,18,72.542849
154.478401,31,72.613008
96.174372,19,72.659428
94.248028,19,72.703642
89.586821,18,72.745513
83.295833,17,73.573622
101.106138,20,73.619546
95.233676,19,73.664433
166.304653,32,73.736805
106.005279,21,73.787516
123.027455,25,74.647045
139.838631,27,74.709913
139.592166,28,74.774222
178.947272,38,75.668452
88.507389,18,75.713959
166.550412,33,75.790467
107.136658,21,75.841506
227.134264,45,76.76807
141.079126,28,76.837212
137.928849,28,76.903265
78.364298,16,77.766165
94.642698,19,77.809572
190.678345,38,77.8956
142.314366,28,77.963242
171.361318,34,78.875372
83.866359,17,78.918002
106.582711,21,78.966256
88.586922,18,79.008461
90.048426,18,79.050287
124.244196,25,79.953114
95.244205,19,79.997905
115.193258,23,80.050786
112.159477,22,80.102208
93.884073,19,81.848136
103.782203,21,81.896595
146.40524,28,81.960926
267.625965,53,82.943029
141.481331,28,83.013426
187.28417,37,83.099028
144.078586,28,84.033726
111.850914,22,84.086727
106.29347,21,84.135563
117.634647,23,84.189892
104.240858,21,84.239005
161.283386,32,85.192095
132.867783,26,85.254872
188.172621,37,85.339134
94.442495,19,86.274362
150.036341,30,86.344024
138.778372,27,86.408055
176.765706,35,86.489409
161.3926,32,87.461678
127.424716,26,87.524071
170.160557,34,87.603598
102.997622,20,88.569785
195.182472,40,88.668421
167.336211,34,88.755447
89.040339,18,88.803449
83.123894,17,89.801343
153.461252,30,89.870832
114.884735,23,89.9273
131.182857,28,89.993355
154.86442,30,90.986761
124.893059,24,91.044495
144.663895,29,91.111034
129.383932,26,92.102192
83.207237,17,92.142955
159.064638,31,92.21261
112.783249,22,92.266011
89.087925,18,92.308025
123.48099,25,94.14239
89.956737,18,94.185459
83.513707,17,94.224694
88.611965,18,94.265709
83.45694,17,94.304978
83.506116,17,95.309173
122.62128,24,95.364176
95.122308,19,95.409232
152.217193,30,95.477477
183.759209,35,96.519894
89.841138,18,96.565117
99.313414,20,96.611941
95.351441,19,96.656069
95.149535,19,96.700055
98.580382,20,97.718803
83.366546,17,97.759438
95.747409,19,97.803694
137.068593,29,97.869656
89.869503,18,97.913373
173.259048,34,98.974529
138.855239,27,99.039319
230.492099,47,100.132851
160.555105,34,100.2159
90.385876,18,100.260358
142.916453,28,100.323677
154.210728,32,101.393763
107.483316,21,101.444746
106.458909,21,101.493373
101.094338,20,101.539729
131.901114,25,102.601878
145.01492,29,102.667867
83.423992,17,102.709087
116.037461,23,102.762086
100.17331,20,102.809602
95.865244,19,103.870113
78.726067,16,103.907478
98.784275,20,103.953334
148.26593,29,104.019463
106.99683,21,104.070128
83.407056,17,105.186553
89.708955,18,105.229955
107.043983,21,105.281731
119.719251,23,105.337665
192.148747,39,107.369068
98.297319,20,107.41898
189.657374,38,107.506843
100.512695,20,107.556622
104.539475,21,108.651173
100.09128,20,108.696989
154.367845,31,108.7678
88.860005,18,108.811651
112.838499,22,109.915001
93.920518,19,109.959228
113.336006,22,110.01019
133.750063,26,110.070199
117.227656,23,110.123863
95.739437,19,111.235174
83.197392,17,111.275131
155.998237,30,111.343144
169.130227,35,111.428941
83.501812,17,112.577762
95.110603,19,112.623268
88.442232,18,112.665948
104.266879,21,112.715465
95.200824,19,112.761305
88.201093,18,113.926114
160.341206,31,113.998441
83.524961,17,114.041561
115.734168,23,114.094233
113.14582,22,114.145867
242.121228,47,115.346876
83.700885,17,115.391583
95.471366,19,115.434834
107.321228,22,116.590757
150.164718,29,116.656739
115.130199,22,116.708984
83.248099,17,116.749131
173.412356,34,117.934678
103.560758,21,117.985617
89.948637,18,118.028011
89.158863,18,118.069921
113.005798,22,118.120627
94.209646,19,119.289287
136.913819,28,119.353027
95.813949,19,119.40037
160.228408,31,119.472468
101.581553,20,121.50149
99.659722,20,121.547676
114.042849,23,121.600836
155.242652,31,121.672976
83.419679,17,121.714432
119.590873,24,122.913369
95.62347,19,122.958303
127.253082,25,123.016309
173.388626,35,123.096475
144.946096,28,124.315751
138.307504,27,124.379188
151.127069,29,124.447188
89.435055,18,124.490586
130.838468,25,125.744281
95.242895,19,125.789673
144.989613,28,125.853766
105.925336,21,125.903645
95.257679,19,127.1174
132.116308,26,127.177367
83.622682,17,127.218501
124.263637,25,127.275197
182.030865,35,128.534476
140.695881,27,128.598969
90.881076,18,128.642596
99.662447,20,128.688402
88.420083,18,128.730176
97.83573,20,129.964805
210.644651,43,130.061961
154.733244,32,130.138198
158.5102,31,131.408649
95.136158,19,131.454911
111.184698,22,131.505607
94.420351,19,131.5505
110.347553,22,132.807047
90.408534,18,132.849201
104.027406,21,132.897729
78.104591,16,132.935567
123.623257,25,132.991745
194.976308,38,134.299257
112.930559,22,134.353481
100.185774,20,134.402937
108.635466,22,134.457556
122.907108,24,136.641454
95.265102,19,136.688176
89.399534,18,136.730565
95.386886,19,136.774296
248.980334,48,138.117274
83.470786,17,138.162383
113.874103,22,138.213257
89.111273,18,138.255134
151.5577,30,139.569104
123.844802,24,139.626306
112.884569,22,139.677452
95.077997,19,139.722348
141.584802,28,139.787152
96.462956,19,141.092535
118.225557,23,141.145559
83.368962,17,141.185475
105.719927,21,141.233325
110.141247,22,141.284378
142.157945,29,142.655703
119.445171,24,142.713339
236.475803,46,142.817695
89.134647,18,144.142161
146.927055,28,144.20508
83.260588,17,144.245853
192.473922,38,144.331691
94.069563,19,145.661751
99.560832,20,145.708028
105.384558,21,145.756903
171.86107,34,145.835048
105.261184,21,147.180152
165.137495,34,147.257445
197.994831,40,147.349702
172.361592,36,148.753488
108.713958,22,148.80975
101.471657,20,148.85757
89.576943,18,148.901476
118.84929,24,150.295462
94.60287,19,150.341016
88.180994,18,150.382788
100.075357,20,150.428743
90.426079,18,150.470681
83.417673,17,150.509656
83.366767,17,152.715015
166.993224,34,152.790416
103.827933,21,152.841803
107.244786,21,152.890146
169.677188,33,154.294265
196.802621,38,154.382546
78.603453,16,154.424057
89.346308,18,154.465218
88.827007,18,155.872985
83.525658,17,155.912231
90.216373,18,155.954007
135.135739,26,156.014463
88.848192,18,156.057889
118.655869,23,157.459804
96.608792,19,157.504844
114.946501,23,157.557281
156.14431,32,157.630604
146.185578,28,159.058381
271.679711,55,159.183503
89.1755,18,159.23266
117.929407,23,160.654212
141.543715,29,160.720914
89.591592,18,160.764465
83.514693,17,160.80402
122.705706,25,162.238223
83.358961,17,162.278684
134.578762,28,162.343189
179.702702,35,162.425136
88.611332,18,162.469684
131.05347,26,163.916224
159.285481,31,163.987219
165.201804,34,164.066206
160.435228,31,165.533895
123.89549,25,165.593014
118.625451,23,165.64672
154.710109,30,165.715317
140.839562,27,167.196751
101.805335,20,167.24442
89.144448,18,167.286409
96.29564,19,167.330331
130.375958,25,169.639791
96.40889,19,169.68457
96.009975,19,169.728388
100.939417,20,169.775786
117.289552,23,169.829423
144.107745,28,171.372197
98.476365,20,171.422029
101.513594,20,171.470144
154.99705,31,171.542607
175.234678,35,173.098145
88.994859,18,173.143028
156.741181,32,173.215475
106.794035,21,173.267565
104.472391,21,174.760153
93.812205,19,174.805279
139.04285,27,174.866832
142.111803,28,174.93133
142.150467,29,176.444745
89.376729,18,176.4883
99.964924,20,176.534547
94.251848,19,176.578703
83.434436,17,176.617673
99.739589,20,178.127153
83.300252,17,178.167092
95.836092,19,178.211094
94.834245,19,178.25529
258.174968,49,179.86138
160.363193,33,179.943243
200.515402,42,180.045308
83.254631,17,181.569634
139.112939,27,181.630244
95.241243,19,181.675765
212.028188,43,181.772714
137.84079,27,183.326995
90.666436,18,183.370673
105.414394,21,183.418977
109.58683,22,183.470641
100.749857,20,185.03519
144.441012,28,185.100992
137.767519,27,185.166387
94.643256,19,185.212945
100.619763,20,185.260386
88.393703,18,187.677608
114.535077,22,187.72846
113.219142,22,187.78106
94.252191,19,187.825342
191.683047,37,189.427656
99.774528,20,189.477589
106.285286,21,189.526247
136.418433,26,189.585841
114.532708,22,191.161527
89.122757,18,191.204258
101.495418,20,191.250544
88.195117,18,191.29221
130.34176,26,191.350657
113.952828,22,192.969841
152.098538,29,193.036776
112.403181,22,193.089005
121.319398,24,193.14463
176.227097,35,194.810158
95.302093,19,194.861237
83.488693,17,194.903674
94.154771,19,194.950974
161.156534,32,196.615645
133.316842,26,196.677306
89.643754,18,196.72045
106.596412,21,196.768562
118.230903,23,196.822533
99.059198,20,198.434521
83.664183,17,198.474089
197.103023,42,198.570993
95.098445,19,198.619348
121.272495,24,200.252297
89.458338,18,200.294935
83.273985,17,200.334363
117.51099,23,200.387045
144.412215,28,202.053372
83.446174,17,202.095963
190.841343,38,202.18288
177.025463,35,202.267847
221.428876,44,203.971508
88.999968,18,204.017813
154.601499,31,204.087207
109.511051,21,206.58639
83.713961,17,206.626214
190.101609,38,206.712555
105.700171,21,206.765305
94.881329,19,208.426482
89.242794,18,208.471919
106.970112,21,208.524425
174.173964,35,208.61021
107.946149,22,208.668666
175.303066,35,210.449209
156.240163,31,210.522589
105.108561,21,210.573188
95.781664,19,212.249984
162.562269,32,212.321763
118.531782,23,212.376791
96.445044,19,212.42174
151.394412,30,214.12508
167.330042,33,214.201966
166.884707,34,214.281163
94.079598,19,214.327954
134.034358,28,216.053646
101.612512,20,216.10208
138.675445,27,216.164119
83.537805,17,216.204631
116.487834,23,217.91804
165.111295,32,217.991338
119.051348,23,218.046435
120.487879,24,218.102156
135.370811,26,219.825248
196.775064,40,219.916714
115.311229,23,219.972645
139.333034,27,221.706315
83.331549,17,221.747636
130.577594,26,221.807254
111.841615,22,221.860028
83.134052,17,221.900618
165.895926,31,223.657176
102.013794,20,223.705484
122.562635,24,223.760267
96.080226,19,223.805468
176.753038,36,226.455251
111.603034,22,226.51458
94.417191,19,226.562841
161.530917,32,226.642709
83.705293,17,228.454036
114.319443,22,228.504988
112.790097,22,228.556383
88.730385,18,228.598531
135.369304,27,228.659422
144.760228,30,230.443347
107.122276,21,230.493393
130.219662,25,230.550658
94.194748,19,230.596141
101.575933,20,232.389404
123.86405,25,232.447305
102.599905,20,232.49591
100.367435,20,232.544116
130.298199,26,234.35381
149.620038,30,234.423571
105.547146,21,234.473742
254.491113,51,236.327788
89.072319,18,236.375577
88.74412,18,236.416702
102.729033,21,236.464343
114.292423,23,236.517899
83.366393,17,238.328907
99.72216,20,238.375085
222.766362,43,238.480512
88.3516,18,238.530357
131.093609,26,240.450254
206.017986,42,240.550586
120.49625,24,240.611918
114.196861,23,240.668034
106.74366,21,242.49573
166.22975,33,242.570589
137.121189,28,242.636898
156.076765,30,244.481552
100.001956,20,244.52989
112.726778,22,244.583132
95.966514,19,244.633962
94.532311,19,244.68246
213.112925,40,247.45173
89.937404,18,247.497426
176.880435,33,247.571769
122.938896,24,249.4269
96.09255,19,249.47204
94.698509,19,249.516213
90.088405,18,249.557815
141.102816,29,249.623039
120.989409,25,251.486579
95.740558,19,251.531531
186.32148,37,251.615427
153.582327,30,251.686126
94.890201,19,253.547961
162.741764,32,253.621795
88.553716,18,253.665462
183.516864,36,255.642582
149.264982,29,255.713914
100.412604,20,255.763364
123.801089,24,255.820804
105.031912,22,255.874538
83.448565,17,257.747669
129.658849,26,257.807015
202.370952,39,257.896071
128.545564,26,259.800107
94.593542,19,259.844989
112.381191,22,259.895622
91.090391,18,259.938032
134.714092,27,260.000154
95.56623,19,261.902353
167.210297,33,261.976636
107.957478,22,262.030248
94.531518,19,262.075718
106.05212,21,263.990765
104.348011,21,264.039579
179.280426,37,264.125585
136.851783,27,264.190838
122.313538,26,266.119314
175.687237,34,266.197199
159.465529,31,266.270647
294.052706,54,269.155888
95.097603,19,269.206892
107.674321,21,269.255914
84.049123,17,269.296039
101.675999,20,271.232388
83.447307,17,271.272388
89.870338,18,271.314065
83.320141,17,271.353383
83.06381,17,271.39312
106.340848,21,273.33787
123.722409,25,273.396015
89.671698,18,273.438808
88.432622,18,273.480448
127.565274,25,273.537563
114.508574,23,275.521631
138.495106,27,275.585255
83.489904,17,275.626507
133.080728,26,275.685708
83.52084,17,277.639506
137.44144,27,277.700227
146.46368,29,277.768543
88.269486,18,277.812649
144.463091,28,279.804044
153.00141,31,279.875781
149.449626,29,279.944309
118.409175,23,279.999732
128.280498,26,281.99206
147.860817,28,282.05745
147.510105,30,282.127806
146.598317,31,284.140697
107.430632,21,284.191853
83.775046,17,284.232141
89.25893,18,284.27381
149.167373,30,284.34107
89.231763,18,286.37812
169.634235,33,286.458486
94.253403,19,286.507543
99.63521,20,286.556567
102.134955,20,286.605511
100.910348,20,288.638632
138.00803,27,288.700815
95.46829,19,288.746658
214.940274,43,291.671489
135.627891,28,291.741075
151.735652,31,291.814338
88.015132,18,291.859794
107.051488,21,293.897585
263.541767,52,294.01658
147.292092,29,294.089512
84.913238,17,296.12969
132.584517,27,296.194058
139.709103,27,296.25999
181.570297,37,296.350132
141.810131,28,298.476044
83.383562,17,298.520355
110.575692,22,298.574347
88.145079,18,298.619714
121.665313,24,300.79158
95.727984,19,300.837041
141.601963,28,300.901628
144.639502,28,300.967425
164.164268,33,303.117272
89.090689,18,303.162216
181.968684,35,303.243671
96.280997,19,303.292576
140.871734,29,305.433431
139.664097,27,305.49887
214.433399,43,305.600014
95.664926,19,305.650032
83.553589,17,307.788129
129.205018,25,307.845596
95.855446,19,307.891058
157.438657,31,307.962482
108.850704,21,310.055637
94.577822,19,310.100248
169.45625,35,310.179881
89.08841,18,310.224872
94.571086,19,312.319804
88.906788,18,312.362178
106.209958,21,312.41092
215.472476,41,312.503385
88.703587,18,315.503056
100.079842,20,315.550303
93.794084,19,315.596103
182.662557,37,315.68279
101.26725,20,315.734023
94.835145,19,317.854973
83.514313,17,317.894686
102.45586,21,317.942653
127.688481,25,318.00018
243.900753,46,320.219025
126.741105,25,320.281499
116.063283,23,320.33542
134.628312,27,322.526385
135.709006,26,322.588419
148.896019,29,322.654606
123.095527,24,322.710905
99.885347,20,322.757717
95.163386,19,324.899542
109.357532,23,324.95241
94.445022,19,324.998242
94.420713,19,325.041702
105.430368,22,327.197657
95.93824,19,327.24229
164.542091,32,327.314586
129.741262,26,327.37523
89.216216,18,327.418012
123.6134,25,329.646574
122.438043,24,329.706505
83.198581,17,329.748048
83.47209,17,329.788332
142.625591,28,332.00777
102.124444,20,332.055916
94.82386,19,332.101738
156.476105,32,332.174849
125.793456,25,334.393815
107.770727,21,334.444745
100.691876,20,334.492728
83.360657,17,334.533523
110.253839,22,334.58746
99.370381,20,336.790266
89.344868,18,336.832142
111.184028,22,336.882665
141.154372,27,336.944702
88.239775,18,336.988019
148.17507,29,340.040058
95.115662,19,340.086039
89.70238,18,340.127637
154.422249,32,340.200959
99.310207,20,342.434451
155.578236,32,342.5097
148.4776,29,342.579737
114.121261,22,342.633355
193.183613,40,344.927217
177.105325,36,345.016027
93.254269,19,345.064456
113.649385,22,347.3276
83.300609,17,347.367391
121.484126,25,347.425375
193.259708,38,347.511588
135.997004,27,349.769026
201.881406,40,349.861022
174.326909,33,349.941418
83.507936,17,352.188213
234.699821,48,352.297206
158.955531,31,352.372027
213.236666,41,354.675366
159.980411,32,354.752456
129.553589,25,354.811922
116.56179,23,357.081387
136.904982,27,357.144008
88.651193,18,357.187048
88.706468,18,357.228764
178.247617,34,359.551266
101.662312,20,359.600669
83.517897,17,359.640131
93.352887,20,359.687028
102.091409,20,359.733284
126.743303,24,362.026263
133.137292,26,362.087295
96.155457,19,362.132439
163.765513,34,362.208634
88.879386,18,362.253352
106.479967,21,365.426493
78.702029,16,365.465976
123.561119,24,365.521133
115.529182,23,365.575961
113.928958,23,367.88182
101.323937,20,367.931266
128.234214,25,367.991123
161.629434,32,368.066553
83.727644,17,368.109295
83.446523,17,370.463155
83.97784,17,370.502315
88.897352,18,370.543365
133.783232,28,370.606525
93.819635,19,370.651961
95.836002,19,372.971283
90.049262,18,373.013101
201.878658,42,373.106834
107.445319,21,373.159683
159.918612,32,375.530614
135.742716,28,375.596872
138.034302,29,375.663356
160.372526,32,378.049243
152.301043,29,378.117729
117.737017,23,378.172816
111.927898,22,378.224928
88.593745,18,380.583626
95.426214,19,380.631017
100.487567,20,380.681166
130.721587,26,380.74592
107.123343,21,380.800388
110.937335,22,383.241348
111.641346,22,383.293323
116.714993,24,383.349612
132.775232,26,383.409734
94.401845,19,385.769935
150.951995,29,385.835643
139.55997,27,385.898915
132.836768,27,385.96189
133.366943,26,388.354613
105.920537,21,388.405719
83.45956,17,388.44799
88.473096,18,388.49159
101.100083,20,388.540769
193.523032,43,395.579654
76.363027,16,395.636895
76.434737,16,395.688482
76.435978,16,395.740473
76.300621,16,400.118683
81.571194,17,400.174474
81.602714,17,400.230543
76.746085,16,400.28343
76.39214,16,400.336173
76.620277,16,400.388563
81.397438,17,404.860095
190.975226,35,404.975682
156.255652,29,405.075419
169.62319,31,405.180414
83.362154,17,409.6062
82.543826,17,409.661336
82.473597,17,409.7165
82.762994,17,409.771915
83.141535,17,409.827304
83.306189,17,409.882559
135.851933,26,414.324798
164.005364,31,414.4311
175.978799,33,414.543899
153.796891,29,419.02476
142.189306,27,419.118674
170.23894,32,419.230963
147.989747,28,423.77568
101.95555,20,423.843498
95.352604,19,423.906598
96.171063,19,423.969646
96.038858,19,424.032554
95.828734,19,428.500489
96.044288,19,428.564443
96.163769,19,428.627557
89.133491,18,428.68742
95.816433,19,428.750335
95.414537,19,428.813547
89.506094,18,433.268594
76.287138,16,433.321746
82.313732,17,433.37712
76.179034,16,433.429691
82.731761,17,433.485185
82.495914,17,433.540814
130.869923,26,438.093498
228.657671,44,438.248236
222.144837,43,444.399225
228.718708,44,444.556723
218.377564,42,444.707368
223.6578,43,449.300153
226.38909,44,449.470475
212.786615,41,454.068657
245.890002,48,454.24319
248.17318,48,458.882987
202.639749,38,459.021291
221.479952,41,459.170312
264.976541,47,463.786709
275.367037,49,463.965203
243.619382,45,468.589865
275.629301,52,468.778535
223.3636,43,473.453671
224.890584,43,473.608122
244.378691,46,478.214455
375.030764,73,478.476651
446.617084,87,483.370964
349.224526,67,488.098853
261.985569,52,494.569816
262.440837,52,494.757035
262.918835,52,499.431029
187.37384,39,499.567119
201.785433,41,499.706041
249.982963,50,504.380208
412.711733,76,509.148463
218.840907,44,509.317702
264.406819,52,513.989143
216.885588,46,514.150034
363.010544,72,518.910261
210.89386,49,519.085335
206.774034,47,523.727034
230.396285,52,523.909383
128.999139,27,528.516017
228.107825,47,528.678375
169.141765,34,528.79772
291.261499,59,533.520438
288.768584,58,533.722461
212.934486,43,538.375586
333.135369,67,544.194183
125.254535,26,544.291037
125.265505,26,544.37857
125.182062,26,544.466257
129.531744,27,549.136228
130.044776,27,549.228403
354.985105,72,554.098176
376.043543,79,554.386286
331.391259,66,559.199797
330.687059,66,563.971985
336.789206,66,564.207139
416.945763,85,569.086588
353.452882,71,573.891874
282.381019,55,578.668676
454.132135,87,578.977245
432.345547,86,583.823709
426.37252,93,588.779059
399.143886,82,595.448196
209.248012,43,595.603964
302.171132,60,600.409396
338.175372,69,605.248836
302.48727,60,605.472189
268.006532,53,610.247994
266.776533,54,610.436979
265.674558,54,615.197654
244.408962,47,615.358813
251.761878,48,620.131253
329.01554,64,624.989744
319.892903,62,625.20685
267.59846,51,629.973665
348.477789,76,630.235257
523.284963,112,639.932485
303.136937,59,640.148119
283.9936,55,648.195675
213.329363,43,648.34335
374.645033,79,653.266953
193.043145,37,653.40029
327.398918,63,658.226441
244.893992,48,658.392592
271.035561,52,663.244724
339.951958,65,668.118913
338.537525,66,668.350347
332.067861,65,673.226032
251.214708,50,673.405622
293.472712,58,678.25773
235.109192,48,678.428534
226.029928,46,683.260624
326.350002,63,683.483389
223.894779,43,688.27237
213.188806,41,688.413041
189.477704,36,693.235421
95.955441,19,693.302331
95.454946,19,693.365761
101.593273,20,693.433033
95.072996,19,693.496445
109.895348,22,698.827307
96.124919,19,698.891496
89.788553,18,698.95209
90.214781,18,699.012143
95.552349,19,699.075289
94.330095,19,703.833682
282.445648,55,704.02308
189.763925,36,708.824238
225.297588,46,708.983519
280.365939,57,713.920569
228.440778,48,714.092104
225.034254,46,714.251659
259.023505,52,719.122766
242.271362,50,724.005726
661.376482,137,729.185277
393.260276,87,734.199264
415.709905,83,739.186996
607.393757,121,744.37201
415.488048,88,751.86029
324.070094,64,752.084585
310.015511,59,757.034936
280.576831,56,757.228829
305.851542,61,762.166753
371.82424,74,767.208685
420.311529,81,772.226847
272.747304,54,772.416099
218.87194,44,777.304977
503.978436,101,782.415976
376.39626,75,782.683459
465.394798,94,787.777028
426.321785,84,792.811003
287.662039,58,797.844958
265.534067,56,798.038679
284.862115,59,804.530384
233.775084,45,804.687451
221.950729,43,809.671383
297.437517,60,809.882013
248.550294,51,814.865625
401.617809,80,819.917468
189.49844,37,820.049593
191.126398,38,820.178661
311.908932,58,825.17258
283.460909,57,830.164315
289.667485,58,830.369229
283.43116,56,835.426752
196.390906,40,835.564317
257.38897,53,841.422462
217.763534,42,841.566464
216.241664,41,841.704973
342.045783,66,846.781547
214.403282,40,851.751656
247.327749,50,851.91913
346.937863,69,858.457104
261.310677,48,858.620235
254.437675,48,863.608748
174.900288,34,863.724146
207.171941,39,863.852888
205.013206,39,868.847091
240.080494,44,869.002433
272.00878,50,874.214844
215.150429,42,874.359647
237.717863,44,879.376099
271.708976,51,879.546685
193.277197,38,879.674963
337.392849,66,884.771924
208.48315,40,889.821981
167.4519,33,889.934673
212.362655,41,890.073698
206.691364,40,895.159109
277.410467,52,895.331481
246.446362,47,900.431423
324.862647,59,900.639868
363.582161,66,905.943621
274.45187,50,906.116029
288.231981,53,912.594812
296.859396,56,917.726977
194.143071,37,917.851076
139.956321,28,917.943457
146.817232,29,918.037628
204.118677,38,923.104301
217.140481,41,923.241107
223.877455,42,928.295887
198.546935,37,928.42207
224.36453,41,928.560457
320.673429,59,933.682057
154.467052,30,933.78896
224.176572,42,938.885896
234.176841,44,939.035542
205.57001,39,944.101536
217.298802,42,944.243106
254.495548,49,944.408804
218.733419,43,949.534309
217.201234,43,949.683181
214.37114,43,954.813494
245.588449,48,954.977961
196.467907,39,960.110019
299.97544,56,960.30134
241.347584,49,967.951333
396.701919,81,973.928735
332.659684,72,974.171717
262.17875,55,979.375427
257.555844,54,979.553271
352.002993,69,984.759225
304.974818,63,989.959945
224.851061,48,990.120408
342.27705,70,995.394628
237.605144,50,995.561545
216.67117,46,1000.711309
252.161802,50,1000.878285
232.96652,48,1006.044096
271.385116,63,1006.25112
399.665505,92,1011.554635
320.493741,73,1016.802876
213.57804,46,1016.960633
348.415881,65,1024.643541
290.931851,58,1029.86582
200.397271,41,1030.003923
186.33667,39,1035.272245
266.278101,51,1035.442429
201.393646,39,1035.576498
194.100705,37,1040.754967
198.676078,39,1040.881956
185.001288,37,1046.082029
222.866095,42,1046.218289
224.162078,43,1046.358338
199.457597,39,1051.603576
219.040853,42,1051.741226
190.328318,37,1056.956335
276.93357,54,1057.133756
222.109104,44,1062.343489
273.979132,54,1062.519867
236.357274,47,1067.746886
204.759517,40,1067.879469
184.234409,36,1067.997027
185.180852,36,1073.201561
207.12428,41,1073.334687
228.344116,45,1079.897603
226.44668,45,1080.045543
250.40107,50,1085.318228
197.544155,42,1085.457088
209.083091,44,1085.600116
206.824737,43,1090.828836
321.375193,67,1091.048297
265.252738,53,1096.359942
213.83333,43,1096.509117
203.460121,41,1101.76624
403.601611,85,1107.158107
455.816449,90,1112.608565
398.988445,77,1112.872165
468.121589,90,1118.32774
374.937314,73,1123.693303
251.912619,50,1123.866269
636.413984,138,1137.312271
441.265884,102,1142.891602
465.455212,97,1148.367212
291.456029,67,1153.725274
277.277646,65,1153.941561
275.030531,64,1159.344079
330.888658,68,1159.576605
385.348682,87,1165.034315
439.219102,86,1170.511012
283.291468,60,1175.900755
240.787462,51,1176.071497
401.530872,92,1181.54688
281.063332,65,1186.945152
374.979077,87,1195.049276
323.898048,76,1200.54484
289.878958,60,1200.750758
470.335708,103,1206.328083
240.13104,49,1211.688904
274.881821,55,1211.870739
412.492236,78,1217.320775
358.32246,78,1222.804577
332.288508,67,1223.029415
273.011961,53,1228.40029
274.527153,52,1228.577007
361.9847,70,1234.07292
450.029013,89,1239.617663
309.150442,58,1245.076301
270.613566,60,1245.282077
268.116671,63,1252.459934
353.348435,72,1257.929312
428.740849,96,1263.502657
273.443617,64,1263.72235
408.239346,90,1269.265742
350.714459,78,1274.807939
245.303398,58,1275.004138
366.761915,82,1280.549958
268.535789,61,1286.063793
386.049629,89,1291.68868
298.897195,69,1291.926734
451.608019,92,1297.522794
254.010461,54,1302.964894
491.41983,109,1311.387142
393.484315,79,1316.90637
317.487192,68,1317.131502
304.706924,71,1322.790525
347.218952,82,1328.362861
465.791562,92,1333.960626
589.187505,115,1339.67839
341.531631,71,1345.291497
357.301135,79,1350.872572
304.272661,69,1351.106289
371.838693,83,1356.717845
433.308987,97,1362.36172
439.902027,88,1369.9906
228.18852,49,1370.157753
308.650388,69,1375.757756
350.748481,67,1381.4141
242.67717,48,1381.574886
404.961266,75,1387.156199
415.053979,94,1392.803071
246.334594,56,1398.434523
492.494592,97,1404.099214
548.225393,117,1409.882572
278.848012,65,1410.107257
373.014112,74,1415.704847
471.96051,106,1421.41524
266.980896,55,1429.307028
352.125214,85,1434.973211
353.363038,70,1435.204395
426.182224,94,1440.926182
528.650985,107,1446.691614
314.835632,69,1452.327275
159.410802,31,1452.432748
236.032941,50,1458.020852
209.069249,44,1458.163669
159.342057,35,1463.745441
188.510341,41,1463.875691
150.775162,31,1463.97602
274.298623,59,1469.61085
162.094436,32,1469.720311
372.921716,78,1475.391945
246.354496,57,1480.986297
196.143699,42,1481.123281
253.050104,54,1481.294933
348.352273,70,1490.195726
489.799449,102,1495.944409
285.421295,65,1501.663536
241.329767,52,1501.836931
308.518202,63,1507.515074
256.84123,54,1513.138943
373.401888,72,1513.381472
304.630186,59,1519.086776
219.047036,45,1519.236848
197.142663,42,1524.90156
428.777032,95,1530.680565
204.913434,42,1530.826545
165.940252,34,1530.938405
255.050367,53,1536.587759
323.816024,73,1542.304962
290.378229,65,1542.518533
299.322579,67,1550.338603
206.296826,41,1550.474983
243.146924,50,1556.124307
358.312169,72,1561.933262
146.232161,29,1562.035072
209.413216,41,1562.166532
141.131209,28,1567.80038
189.717628,38,1567.921619
429.15458,89,1573.722315
349.012405,67,1579.524721
330.441069,71,1579.760943
299.085214,69,1585.497515
346.207877,65,1591.345778
244.27697,47,1591.502998
160.536403,31,1591.606997
272.181094,51,1597.320558
177.598153,37,1597.442445
223.961122,51,1603.152188
558.55524,109,1610.801463
277.490919,54,1610.994886
188.352191,37,1616.678345
177.279854,35,1616.791425
324.185054,63,1622.599245
265.989879,55,1622.779785
480.118657,90,1628.64837
389.831282,85,1634.493254
304.94664,60,1640.287532
284.826675,56,1640.472847
236.869904,50,1646.339686
258.253507,54,1646.512639
199.17268,42,1652.297508
287.153015,60,1652.492506
347.657869,70,1658.357409
290.945469,57,1664.152919
330.73646,62,1664.354755
332.411616,65,1671.308952
117.995437,24,1671.395226
112.529794,23,1671.469659
127.233464,26,1677.240191
365.645127,72,1677.471968
889.733311,182,1689.296624
273.580055,56,1695.159306
239.446961,48,1695.326871
261.214774,53,1701.128576
245.850017,50,1701.293897
236.96582,48,1707.07519
306.275552,60,1707.275786
312.738739,62,1713.17553
342.136946,64,1713.394902
522.457453,100,1719.392922
318.759305,59,1725.249643
315.54569,60,1732.700905
171.809564,36,1732.826976
248.436977,49,1738.67443
329.054391,63,1738.899537
309.66114,58,1744.86204
311.383031,58,1745.057253
277.852436,54,1750.896751
423.252592,84,1756.846991
487.353257,93,1762.861936
289.885925,68,1763.098716
391.49172,78,1769.023698
418.389726,82,1775.051292
400.590368,76,1780.98779
397.852331,74,1781.236751
396.72628,76,1787.184963
476.012447,94,1796.491899
822.846292,165,1808.472687
329.682908,73,1808.736167
249.017865,50,1814.623841
196.630069,39,1814.760627
245.629236,52,1820.674461
306.369809,68,1826.622027
245.682851,50,1826.786536
247.05845,53,1832.749881
309.817309,68,1832.974979
326.225706,73,1838.981293
279.050154,63,1844.968455
252.964656,50,1845.135106
328.701862,68,1851.117008
314.093675,60,1851.316034
283.652767,57,1858.717528
304.337293,62,1864.834295
201.331089,40,1864.966663
171.214732,34,1865.076311
155.985871,31,1870.930754
373.922394,84,1876.98336
379.304011,77,1877.251189
273.280601,58,1883.217874
409.262292,78,1889.238702
252.070841,51,1889.409705
204.069671,42,1895.343993
224.459553,45,1895.491661
259.787441,51,1901.432036
386.992314,74,1901.673832
373.447107,73,1907.726848
324.942499,61,1913.705697
282.395029,54,1913.886028
324.070592,60,1922.478747
278.265651,55,1922.659995
519.373861,100,1928.824067
536.222495,101,1934.957922
240.805097,47,1940.983094
381.261854,77,1947.096997
431.865483,96,1953.312216
346.230405,77,1953.580133
595.332553,115,1959.883994
221.969934,49,1965.918067
516.900855,105,1972.127293
413.871284,93,1978.335831
339.894085,68,1987.230066
408.199517,92,1993.38466
579.749736,114,1999.711629
677.016376,135,2006.022717
232.17062,44,2006.184711
302.23224,58,2012.302416
254.247342,49,2018.380368
715.097658,141,2024.723306
301.579118,67,2030.883903
310.445675,69,2031.125495
182.656317,42,2037.194468
228.341087,53,2037.373871
285.072288,64,2043.486356
280.85461,64,2049.647226
511.707915,99,2052.732175
560.771639,113,2065.069592
216.247984,50,2065.248995
550.558731,108,2071.627658
299.018493,58,2077.880706
427.165019,80,2084.471321
240.95822,54,2084.669067
241.120136,55,2090.996143
560.019918,109,2097.560815
260.797657,58,2097.766841
397.328074,91,2104.282908
287.317527,62,2110.655144
391.426182,73,2118.987563
237.261243,53,2119.173656
308.393972,66,2125.550224
259.115952,60,2125.760764
272.360104,64,2132.178912
259.337685,51,2138.50913
326.133492,58,2138.704914
311.544029,56,2145.046476
251.684416,57,2145.248993
256.679966,57,2151.631245
267.922806,61,2151.849116
370.302894,84,2158.346728
403.513503,79,2164.794238
233.641662,55,2171.182256
247.554598,58,2171.380905
216.270163,51,2177.803286
321.947513,74,2178.060027
253.623924,56,2186.377972
258.100747,57,2192.841276
246.242425,57,2193.040997
224.074499,52,2199.452998
467.768611,88,2206.028113
453.683108,84,2206.328802
471.007401,89,2212.844278
494.446515,105,2219.457377
350.448904,74,2226.00559
342.943124,72,2232.506927
351.121296,68,2232.744358
395.778515,83,2239.25713
305.162449,69,2245.743576
574.801223,106,2255.344194
447.160054,85,2261.89475
293.670197,58,2262.103122
590.443323,129,2275.109055
494.350902,110,2281.779081
428.903266,94,2288.407519
720.062683,152,2295.229693
455.405743,88,2301.923936
319.190614,60,2308.445328
564.588726,106,2315.114615
292.35801,62,2315.335567
421.587331,79,2325.227482
560.760547,115,2331.979283
524.782458,104,2338.67963
427.848504,84,2345.417682
539.836259,105,2352.103089
490.62177,93,2358.797737
401.509923,89,2365.450719
510.488194,97,2372.134548
260.78166,59,2378.707668
311.14725,68,2378.939088
494.962882,114,2395.515533
751.664033,139,2402.399056
895.120099,176,2415.807662
378.78296,71,2416.07865
226.991448,44,2422.642301
406.287687,77,2429.268484
651.656485,130,2436.154323
407.678025,89,2442.905388
293.220469,63,2443.123225
301.260149,65,2449.784981
285.47815,66,2456.476452
524.400244,98,2465.805502
272.558138,61,2466.019584
530.19823,116,2479.214834
710.913928,154,2486.194035
398.381198,76,2492.934073
440.185246,86,2499.673009
673.862655,138,2506.568033
379.199984,84,2513.317746
224.058839,47,2513.486154
424.042734,95,2520.226038
414.609521,78,2526.953629
611.283444,137,2536.46885
437.707457,82,2543.263215
610.568541,134,2556.645331
423.044316,91,2563.415837
245.181474,57,2563.620054
320.377467,72,2570.402136
542.306855,125,2577.339056
325.156993,72,2584.055247
305.478105,58,2584.253924
225.249789,52,2590.973764
476.998631,88,2597.760713
359.207883,69,2597.997155
928.099646,188,2615.727989
598.419564,122,2629.223398
642.918296,128,2636.271549
495.747711,106,2643.245089
375.099732,81,2650.068067
535.066449,109,2656.966971
465.89838,91,2663.820759
675.134714,143,2670.84026
423.26924,79,2681.174254
525.646643,115,2688.128762
956.873685,186,2701.863891
388.544173,86,2708.758198
465.764691,97,2715.646405
554.663288,127,2722.648648
467.273109,95,2729.57028
354.215552,77,2736.432282
490.564304,92,2743.328633
553.145465,108,2753.377209
418.37641,91,2760.297931
445.663018,87,2767.232925
371.130916,75,2767.495672
466.516035,107,2774.486205
418.749437,80,2781.375933
510.786447,114,2788.378882
320.485885,69,2795.066958
608.152374,130,2801.922863
361.934139,72,2808.656248
445.859323,90,2815.379365
449.137122,88,2826.0064
522.760818,118,2832.833925
396.722595,80,2839.545756
357.902937,71,2839.77881
309.191531,62,2846.419028
641.163873,133,2853.313783
373.334956,73,2860.068691
280.966828,55,2866.69235
294.912387,57,2866.880301
412.721588,81,2873.612839
365.091085,75,2880.324713
265.269124,52,2880.496807
386.306207,77,2887.226948
373.633583,72,2895.895027
218.1451,43,2896.038763
247.246808,48,2902.683371
183.227926,38,2902.809324
434.357409,84,2909.581034
541.654911,106,2916.426991
477.999893,103,2923.273671
794.124192,157,2936.813685
587.66779,116,2943.731172
432.336574,93,2950.580899
381.496096,74,2950.83003
398.547609,82,2957.624982
459.964311,94,2968.655885
454.082977,102,2975.577957
385.965424,74,2982.38512
324.399509,64,2989.147227
401.151735,75,2989.400033
391.929364,74,2996.214
518.878081,99,3003.105789
560.530764,111,3010.072447
259.678263,54,3016.832741
450.58563,87,3023.671961
448.231407,80,3023.943602
351.831785,69,3030.747132
289.400269,59,3040.663056
381.517022,83,3047.519293
457.010719,86,3047.808309
452.197466,85,3054.670398
347.759495,65,3061.480762
429.870961,90,3068.404163
597.669116,127,3075.424728
224.195875,43,3075.579068
485.450191,93,3082.493325
195.513376,39,3089.237573
241.036018,46,3089.386258
192.150952,38,3096.157486
461.711027,101,3103.095072
409.082019,83,3103.369855
356.032893,68,3113.533475
743.110441,139,3127.295041
490.815998,93,3127.61776
368.162961,69,3134.491305
405.117642,80,3141.401137
213.594213,41,3141.539166
368.389576,70,3148.42949
297.794157,58,3155.299081
574.639199,110,3162.324121
234.474415,46,3162.485101
369.539606,69,3169.37819
297.966394,60,3176.231184
475.271424,92,3176.530305
633.961576,121,3194.324454
489.385918,92,3201.30424
524.807329,100,3208.322466
571.137062,108,3215.383686
350.338096,71,3215.624174
476.034623,97,3222.633585
466.014138,91,3229.638922
464.811452,91,3236.663848
314.239192,62,3243.589108
528.004604,104,3250.655433
566.948485,108,3260.825073
400.316252,78,3267.818378
347.813238,68,3268.043799
461.733112,88,3275.057723
582.453654,110,3282.139477
464.538623,92,3289.185887
485.163424,96,3296.264412
450.067215,87,3303.322391
411.805469,81,3310.424924
599.40136,118,3317.564502
374.297289,69,3324.584072
383.08505,70,3324.820176
598.84413,116,3341.889909
420.236597,80,3342.161688
395.83895,75,3349.200209
301.185469,57,3356.175596
672.237389,144,3363.43509
618.819508,122,3370.649685
778.559063,152,3384.758938
918.852258,184,3399.101002
454.41258,85,3410.276782
599.806873,111,3417.466897
723.865246,153,3424.792905
277.20135,54,3431.814585
367.080403,72,3438.873958
536.141555,102,3446.030816
583.233369,109,3453.227515
395.574447,77,3453.488399
415.895621,82,3460.648088
404.208911,80,3467.773767
437.083745,81,3474.888861
878.736664,166,3486.062349
423.161715,80,3493.2169
489.174362,95,3500.391524
484.666239,104,3507.614229
432.443315,88,3514.810044
411.634044,79,3521.958616
600.607837,112,3529.213369
537.804631,114,3536.485173
352.674615,73,3543.655712
887.145669,189,3560.591671
318.409236,63,3560.821546
374.574489,73,3567.965029
474.796626,91,3575.204463
816.174256,167,3589.594563
512.592824,106,3596.867967
538.668392,111,3604.170892
458.359706,100,3611.464005
825.802753,173,3625.914764
482.694413,96,3636.006748
433.367701,95,3643.273572
632.67564,140,3650.664997
594.955949,116,3658.02496
553.759187,116,3665.384578
439.442636,95,3672.669693
606.419594,131,3687.018538
381.161711,82,3687.30197
388.897763,87,3694.575361
306.367701,67,3701.825598
374.252964,81,3713.00113
398.515738,79,3720.270257
490.942282,109,3727.717373
596.97019,119,3735.117447
509.493074,116,3742.515083
464.720236,105,3749.885387
434.936967,91,3757.248734
356.989545,81,3764.549432
464.790112,101,3771.914402
487.397104,92,3779.258961
356.11305,77,3779.512815
433.588354,87,3790.994374
596.532869,118,3798.426348
442.526573,87,3805.77718
495.780277,100,3813.163237
347.542105,71,3820.478584
548.384104,116,3827.922919
442.331912,89,3835.279769
547.18087,105,3842.705064
400.062282,81,3850.060215
507.318731,106,3857.478488
594.568783,117,3867.913701
313.828783,66,3875.281542
707.020607,139,3882.856667
408.902627,93,3890.364196
836.784818,167,3905.341197
376.592252,75,3912.851965
423.675857,88,3913.140811
672.300991,133,3927.954338
356.524081,82,3935.436613
562.232098,114,3946.2421
501.123247,96,3953.712243
395.43357,79,3961.130897
445.227718,90,3961.422907
296.382818,59,3968.801085
520.333065,115,3976.350067
361.05267,81,3983.792054
353.360123,73,3991.215609
601.968467,125,3998.81979
401.520034,75,4006.250878
515.662059,104,4013.74593
383.701519,87,4024.518882
385.486269,74,4024.784087
447.578796,89,4032.291062
633.777591,127,4047.069315
355.999977,69,4047.304117
501.139927,98,4054.823753
488.439999,93,4062.337692
563.784477,113,4069.95626
368.017263,78,4077.429
298.608731,65,4084.896168
405.403448,80,4085.161345
363.190393,79,4092.668671
468.511632,87,4103.628894
501.31383,107,4111.255402
580.035067,114,4118.93159
480.188407,90,4126.531183
678.098962,132,4141.566312
370.804218,84,4141.854483
402.360618,86,4149.427419
482.005876,101,4157.032547
671.141147,140,4172.025656
455.27905,97,4183.11138
445.012438,91,4190.691167
484.159312,102,4198.311654
492.252608,103,4205.992072
686.451382,133,4213.70532
711.825672,145,4221.492412
737.217266,153,4236.6495
658.653832,135,4244.411567
464.219236,89,4252.059395
477.598883,101,4263.104618
544.822068,99,4270.78859
395.448562,75,4278.389815
810.576115,156,4286.24503
610.131957,117,4301.389997
326.110884,64,4301.60931
535.824161,100,4309.312425
761.880706,149,4324.539138
472.695537,90,4332.253818
844.905626,164,4343.604419
636.302065,122,4358.857025
709.438612,135,4366.722735
518.348789,101,4374.498739
399.742848,74,4382.25873
379.823833,80,4382.529845
509.962608,99,4390.293278
484.821291,90,4398.047026
353.801449,79,4405.729352
385.151921,76,4413.397994
502.748063,91,4424.548478
575.581514,110,4432.338882
652.119726,118,4440.146789
542.067155,104,4447.937179
499.758791,92,4455.691543
586.619607,112,4463.602131
453.796971,85,4471.352716
556.017829,101,4479.127265
722.77766,142,4487.093982
480.581416,93,4494.935763
518.192951,95,4505.472863
573.101776,107,4513.324464
512.78408,100,4521.225271
659.754305,122,4536.661806
449.306645,82,4536.944414
649.168814,123,4552.354968
774.133492,144,4560.347067
458.681274,88,4568.260899
415.272279,78,4576.085943
603.501045,113,4587.445661
624.899003,119,4595.434018
459.688022,84,4603.245829
583.752049,111,4611.190288
633.495337,128,4619.153256
304.226582,56,4627.002354
702.86476,145,4634.978081
381.081739,71,4642.778425
814.146936,161,4658.402444
376.356444,72,4658.649631
439.852663,81,4670.33391
578.016926,118,4678.286719
656.80191,126,4693.869764
1183.301982,234,4709.781299
671.394573,129,4717.843258
383.305724,73,4725.675628
665.084781,124,4733.686281
601.498135,122,4741.716833
624.398431,123,4760.430734
474.181677,93,4768.379205
401.50109,81,4768.650488
550.518544,106,4776.644384
576.81599,105,4784.600874
431.86621,82,4792.620155
562.599867,107,4800.649202
623.883009,128,4816.391533
483.928123,91,4824.3128
613.837348,116,4835.602751
448.698242,88,4843.545091
712.301588,150,4851.725382
385.432104,73,4859.6873
512.703384,103,4867.714188
354.846186,74,4875.628397
820.039077,163,4883.837697
379.367936,71,4891.843519
395.089903,84,4899.857171
463.291255,89,4907.844537
361.019403,71,4908.082156
806.526927,157,4927.768238
471.984969,89,4935.776183
480.572968,91,4943.782704
613.144891,123,4951.88737
367.928304,72,4959.892687
725.69015,135,4968.069464
659.645054,125,4976.206891
617.512636,126,4992.115071
356.990286,69,4992.354962
798.973421,155,5012.341999
694.826799,137,5020.584931
333.404551,67,5028.584338
548.904504,101,5036.65946
564.731925,106,5044.777737
427.427051,80,5052.830871
589.242579,113,5060.930208
510.513789,95,5068.999697
940.390529,192,5088.188275
716.445466,135,5096.427695
709.166526,132,5104.650251
505.477952,94,5112.768372
512.374338,93,5120.925568
456.224783,91,5129.033501
405.727223,78,5137.132
775.710028,149,5145.429605
547.115403,103,5153.602051
447.811753,95,5161.742745
563.853533,105,5173.674131
557.544668,107,5189.68833
866.434784,172,5198.181071
694.679864,133,5214.321799
461.445331,95,5222.474403
544.634463,102,5230.68699
685.666322,135,5238.992799
581.7058,128,5247.256125
545.399854,116,5258.878289
700.752926,151,5275.101426
476.489247,88,5283.302655
233.368971,55,5283.500003
288.214715,67,5291.646628
712.603941,156,5307.948228
615.305472,118,5316.280957
527.226595,109,5324.537147
588.802527,110,5332.813688
392.035446,80,5346.287098
766.661738,148,5354.697178
869.102453,165,5371.173014
534.982102,102,5379.468233
449.132768,82,5387.763197
578.900546,119,5396.191662
886.611421,169,5412.674612
533.704757,99,5421.039732
734.357601,156,5432.680547
639.340643,121,5441.080558
349.196091,68,5449.359029
564.21934,104,5457.702432
893.310131,180,5474.27393
356.123224,68,5474.528152
576.082519,108,5490.932034
388.762254,70,5491.172797
509.838634,97,5499.447716
538.240905,100,5507.749247
379.209482,73,5520.050221
514.455599,98,5528.381052
443.52334,95,5536.663431
1052.818398,221,5553.201217
932.29297,171,5569.667647
649.869434,120,5577.972443
482.874931,87,5586.30893
499.386304,95,5594.48935
534.744988,114,5607.599483
734.605716,135,5616.002554
598.173966,121,5632.23923
906.331398,187,5640.854259
592.141719,110,5657.010563
708.569422,132,5665.294775
636.124722,118,5673.543944
960.386163,198,5695.034014
912.438027,184,5711.463114
460.607658,99,5719.614749
344.906517,79,5727.746118
979.528157,186,5736.187021
693.657947,135,5752.374071
511.889982,111,5760.65133
1028.082109,201,5781.254664
595.003939,123,5789.638374
457.834964,96,5797.834215
471.49588,101,5805.94652
531.213044,115,5814.107408
437.388111,85,5822.31225
726.891483,133,5830.514481
798.921706,152,5846.635725
514.324732,107,5854.751375
1100.212128,224,5876.502539
1032.88739,197,5892.720802
722.961785,137,5908.672305
404.542546,81,5908.955351
493.499353,93,5917.055039
527.48252,99,5925.082412
831.149647,162,5941.121494
446.984439,94,5952.074091
395.718005,77,5960.003777
565.713207,112,5968.056494
319.370553,61,5968.272735
310.974472,60,5976.182887
366.815331,69,5984.072152
381.624043,80,5992.017847
795.941701,154,6000.218466
1030.30067,196,6016.2821
599.501448,119,6024.44685
368.7197,72,6036.829735
994.021881,192,6052.749378
795.774702,152,6060.948227
677.910363,135,6076.702341
777.099646,149,6084.83932
389.129432,83,6092.841285
1020.764682,200,6108.686414
647.965852,127,6120.584018
456.912519,102,6128.524514
387.974486,83,6136.384591
607.022743,136,6151.991474
1074.705754,219,6167.933693
451.366266,100,6175.831647
867.553222,170,6183.93457
576.109012,110,6199.396484
547.780404,111,6210.410231
425.93734,84,6210.698705
417.164686,86,6218.547331
543.59165,120,6234.006537
666.599207,140,6241.991219
549.771616,106,6249.928319
489.619944,102,6257.827821
528.030779,107,6265.679419
482.140446,94,6273.487111
638.140506,142,6284.898507
559.508097,119,6300.302459
572.549819,123,6308.26421
409.765316,92,6316.060894
250.460066,57,6316.257286
540.930025,119,6331.730811
481.732814,95,6332.051808
506.602321,97,6339.870667
619.480426,117,6355.154233
587.541094,110,6368.311706
525.904665,114,6376.175252
804.478686,150,6384.138992
678.581546,139,6399.555708
491.100219,104,6407.352753
467.090472,93,6415.159473
490.524539,102,6423.053588
466.960169,88,6430.794456
714.426621,154,6438.760017
461.594858,89,6449.654082
1014.120314,199,6465.144566
715.343787,133,6472.985506
705.581645,132,6488.255681
914.628958,192,6503.628104
606.024936,112,6511.437398
818.996732,156,6519.349675
700.821345,130,6538.112749
683.898613,128,6545.988479
619.148157,123,6553.744977
541.512933,101,6561.46824
667.337958,123,6569.23784
609.529647,114,6576.963317
510.881943,96,6584.599959
542.113334,104,6592.385794
441.640622,85,6599.982675
862.577799,164,6618.917926
379.523084,72,6626.466202
789.808908,149,6634.228712
631.688301,117,6641.943229
546.596619,107,6649.649557
588.285055,122,6664.599372
459.106954,87,6672.177198
909.935871,192,6680.059096
1003.544653,208,6707.521842
585.3526,116,6715.176258
795.984583,163,6722.945934
686.196149,128,6737.892227
918.328667,182,6745.710878
447.906391,82,6753.218739
840.547579,160,6771.556787
849.457705,167,6779.331728
830.710534,157,6794.296437
495.102616,94,6801.82841
566.938718,116,6809.418125
629.395599,120,6817.067718
933.614227,175,6831.991935
541.893326,100,6839.505421
480.210231,103,6851.79024
628.062315,120,6859.368196
547.992024,104,6866.86902
550.589092,127,6881.657485
848.50125,153,6889.336749
791.023548,148,6904.146698
416.577764,88,6911.623991
469.283943,92,6911.930654
616.206248,117,6932.739146
609.122982,113,6940.291225
598.833228,113,6947.850522
717.549931,147,6955.467786
548.898561,103,6962.965081
503.508069,105,6970.505361
792.188844,156,6985.227286
1053.475319,196,7000.110966
875.351172,162,7019.362748
395.223829,76,7019.630571
666.0289,137,7034.275556
592.164919,108,7041.723094
592.778283,108,7049.161485
1645.479169,312,7071.41815
863.957379,163,7093.252345
1041.559899,206,7108.027821
635.848616,130,7115.556773
785.480178,153,7130.12908
1428.943752,271,7145.089917
733.783445,140,7159.618273
588.155719,110,7172.407029
762.096868,146,7179.908313
735.73792,139,7194.35206
1209.744096,225,7209.111865
709.778755,130,7216.570701
674.931659,125,7223.955159
542.043444,108,7231.298116
749.662833,143,7250.305873
1516.997664,289,7272.178798
325.305014,63,7272.433322
587.313562,113,7286.684503
652.206092,130,7294.038282
1321.11683,263,7308.786922
452.287114,86,7316.071342
807.512526,155,7336.27923
756.689877,148,7343.674399
766.823351,144,7357.976103
702.715474,125,7365.298945
383.804931,70,7372.435637
893.538918,174,7379.885887
579.528376,119,7394.090472
551.052791,104,7405.79828
679.295164,123,7413.075938
556.998472,103,7420.31968
498.184978,94,7427.482977
867.208658,168,7441.725131
841.228682,158,7449.227405
1231.555049,234,7470.501978
430.504416,80,7470.805283
577.953569,106,7483.255202
856.261782,153,7497.405499
518.628808,99,7504.727746
1478.193436,284,7526.242731
692.077077,134,7533.524651
719.750865,141,7540.867612
401.006992,75,7547.915763
807.699246,147,7566.603155
513.056893,94,7573.69475
522.204559,96,7580.775016
762.969229,143,7587.997713
625.77224,113,7595.170676
668.417511,123,7602.327538
960.312596,180,7616.387882
1111.198049,210,7635.516191
1228.857992,235,7656.6659
809.74188,154,7663.935515
1130.845308,233,7685.049325
778.508161,140,7692.237774
415.917562,82,7699.253175
570.903668,103,7711.121167
860.563358,160,7718.373392
822.453013,150,7732.340726
669.32119,130,7739.505732
750.046376,147,7753.474408
586.051983,107,7760.609296
1067.115484,199,7774.77893
510.765095,103,7787.285626
546.474541,104,7794.329767
811.039431,160,7801.592317
908.866542,169,7815.581186
530.255273,96,7822.626932
807.748865,159,7836.684441
651.141495,127,7843.814775
906.389914,175,7862.361509
560.250246,102,7869.450535
1022.934938,193,7883.468909
633.305869,130,7890.656457
440.444046,84,7897.689582
762.107381,144,7904.836083
1149.629383,221,7918.98228
1588.938408,318,7951.673285
417.12506,95,7952.042216
586.901744,109,7965.809866
852.124079,188,7973.138137
423.399044,83,7980.120777
837.984026,170,7994.146675
1279.918203,254,8018.92318
770.340679,157,8026.133118
984.802772,187,8040.094434
732.224839,142,8047.240049
801.375098,160,8061.129199
627.419128,132,8068.232283
1460.262098,290,8095.399095
692.634392,129,8102.589499
897.413002,169,8116.446049
767.246807,156,8130.274008
1194.084592,226,8144.458189
875.136287,162,8163.433778
1037.792468,196,8177.393408
926.401122,181,8184.735394
855.011941,157,8198.646268
711.9428,154,8212.517883
1138.383976,224,8226.553077
516.604357,99,8239.850835
758.017436,170,8247.054885
561.325254,111,8260.790883
1318.211022,247,8274.932595
1032.766749,198,8288.859983
805.988064,161,8302.674523
929.327398,176,8314.323703
486.035988,103,8321.286152
1015.72107,195,8335.173092
1339.176596,260,8355.955029
664.574963,133,8363.093882
1611.909306,301,8388.618079
1330.264266,261,8409.452146
551.953529,116,8416.472877
549.765609,103,8423.432051
458.750638,87,8430.392313
428.136245,80,8437.296784
752.746615,145,8444.348686
1311.128114,253,8470.545734
942.427391,181,8484.399412
723.141512,136,8491.492869
595.858638,115,8498.456928
696.217179,141,8505.494911
1444.600741,273,8526.115261
656.640597,131,8544.973553
840.164813,156,8552.118559
800.639044,145,8565.746014
773.351091,144,8572.840575
1107.68214,210,8586.79741
765.551634,147,8600.408773
590.323609,111,8612.622155
1173.674437,222,8626.540781
499.532087,94,8633.438733
471.140011,89,8640.365703
750.179863,152,8647.45419
928.640386,174,8661.221426
465.786298,90,8668.142583
637.780009,119,8675.183451
516.287786,97,8688.607668
732.605563,134,8695.595858
572.629116,110,8702.593979
538.144804,97,8709.491272
888.372959,160,8723.195197
959.546393,201,8737.05548
761.62167,145,8744.083642
1729.377028,363,8777.640175
620.731586,116,8784.654597
1058.911825,209,8798.438195
427.331544,83,8805.282289
1118.028924,207,8819.107841
1325.080796,267,8844.340219
665.438231,123,8851.411409
603.92901,125,8858.409952
760.65285,142,8872.015769
480.022575,93,8878.909962
683.975218,133,8885.932788
766.338111,133,8892.943348
423.466796,79,8899.876388
460.749252,87,8912.587529
1051.671263,201,8926.388556
631.300066,121,8933.345795
688.139611,150,8946.963328
535.997499,101,8953.855437
622.380194,123,8960.786408
719.081817,141,8967.818662
775.892921,155,8986.845044
1005.056537,185,9000.652385
551.077183,107,9007.593515
1141.204641,223,9021.419381
922.282904,169,9035.266959
750.860636,145,9042.291258
1022.766537,201,9060.823969
992.664638,199,9074.56141
346.628863,68,9081.354461
874.14572,179,9095.050786
912.20544,178,9108.745559
339.038703,62,9108.980062
1185.778963,226,9122.81424
1242.977328,239,9148.742043
780.485429,159,9155.807366
648.654685,122,9169.297109
542.366647,115,9176.278546
989.376457,196,9190.022974
682.728714,136,9197.01865
702.092805,153,9215.37169
1184.27967,227,9229.12942
1073.111518,205,9242.875243
755.455425,137,9249.845853
575.796329,103,9256.738941
1216.255509,237,9281.977961
562.688439,120,9288.985684
869.712727,161,9302.539897
445.598659,83,9302.831336
634.229754,132,9316.319429
844.8222,158,9323.327248
594.114056,123,9330.327518
676.200802,124,9343.717279
1569.449991,309,9368.828687
785.842807,143,9375.83821
646.133509,122,9382.726202
900.162377,170,9396.277448
1052.015478,201,9409.936059
543.232328,99,9416.82358
417.904765,81,9429.576152
551.661415,106,9436.50113
788.695327,140,9443.435978
981.649575,196,9457.14482
566.246798,108,9463.978129
859.824532,171,9477.528717
779.873929,148,9491.068712
1257.253531,242,9511.224569
1493.060044,288,9531.64588
599.787111,115,9538.536991
458.124247,90,9545.437723
814.010714,155,9558.999093
422.537598,81,9559.281744
620.310791,118,9580.283216
434.820045,80,9580.551811
1135.752936,219,9600.720645
564.351287,104,9607.541199
564.289744,105,9614.335178
505.23507,105,9621.170966
1568.117564,309,9641.662865
1463.240701,275,9666.808946
1356.653584,273,9680.616788
616.199378,124,9687.550593
437.056175,83,9694.304605
414.886812,82,9701.03609
856.859352,171,9714.569416
514.9629,98,9728.854659
1977.057481,389,9756.05457
654.540579,136,9763.002129
715.246179,138,9770.005935
576.86374,123,9783.33556
1515.425125,300,9810.928346
544.021841,99,9817.771498
987.129552,194,9831.323592
520.648128,96,9838.119815
1363.575924,269,9851.938792
621.623047,113,9858.911662
730.496087,137,9877.753307
902.109933,173,9884.750388
492.686794,91,9891.521821
759.142184,142,9904.914305
1703.938319,331,9925.373851
1599.472323,315,9952.677259
2620.090505,527,9993.233731
923.444623,186,10000.362898
1967.603669,398,10031.784061
2201.302968,435,10065.433577
475.919195,92,10072.294348
1404.628947,292,10098.857703
737.150752,148,10105.787286
404.885351,82,10112.509548
871.393884,178,10125.952003
500.634396,93,10132.742306
1392.870012,261,10146.483742
904.004843,169,10159.896941
1338.935706,259,10179.551928
1033.316702,196,10193.000353
635.161721,128,10206.229246
408.068774,86,10212.922208
421.367674,85,10213.205237
719.21493,149,10226.472297
800.829752,164,10245.296759
551.18951,118,10252.111035
894.692208,176,10265.570398
778.815984,155,10272.521334
778.972296,145,10285.894591
647.502279,134,10292.777669
1467.890975,282,10321.402259
770.272719,165,10328.429849
1184.361972,244,10348.59004
621.80791,110,10355.451052
1098.858121,208,10368.970502
748.551942,148,10375.872034
907.686489,177,10395.172887
599.98284,116,10401.981771
1957.749359,386,10429.081831
2160.048344,427,10456.362382
1546.503801,306,10488.926982
524.053632,105,10495.747031
345.642058,65,10495.973612
635.772573,120,10502.913679
833.582052,164,10516.296978
323.920112,61,10522.932494
952.206137,193,10541.076063
695.968979,151,10547.996151
975.868319,186,10561.501857
885.649965,168,10574.844899
901.307789,168,10581.839495
823.94512,162,10595.384282
1945.145111,395,10627.981551
515.120505,111,10634.823367
689.516636,143,10641.72542
1229.538473,256,10661.766257
528.262378,99,10668.510572
371.526116,71,10675.215379
646.138044,124,10686.439001
556.264879,108,10693.159607
768.900272,148,10706.455464
498.954718,88,10706.758236
452.863894,82,10713.503786
803.297295,148,10726.870256
1016.924589,212,10740.342872
1297.274878,281,10765.822154
1037.195257,198,10779.287247
1498.988306,281,10792.94995
819.894372,159,10806.276392
655.100763,136,10813.10059
1670.494949,331,10846.494759
760.274358,142,10853.384934
392.436813,73,10860.125069
1191.888132,240,10873.646721
1073.361301,208,10887.147534
874.310839,183,10908.334307
755.634556,145,10921.692436
1184.089903,240,10935.175165
786.762116,163,10948.448669
1049.68005,224,10961.971146
719.694006,135,10968.792752
927.440625,184,10987.652628
951.927139,189,11001.093142
745.031302,137,11007.894312
856.318876,163,11021.174294
1177.154059,231,11034.701349
1463.553978,283,11059.18085
1882.794797,369,11085.85571
497.863186,90,11092.574244
1048.837934,195,11106.137437
527.393084,98,11112.835634
583.292288,107,11126.971681
1726.21793,334,11147.170903
1382.026504,264,11167.202998
421.859857,79,11167.512171
997.416147,198,11180.933055
1072.661116,204,11200.568151
610.27924,116,11213.776326
576.060745,108,11220.438336
707.179734,135,11227.255744
1234.608736,243,11240.732344
749.561942,138,11253.869887
518.99068,92,11260.540344
860.824996,159,11275.029693
705.723801,151,11288.239625
1542.531117,299,11308.463666
505.69326,101,11315.183975
1408.11801,259,11328.818877
693.038114,129,11347.195206
715.288428,130,11353.98841
1113.998354,204,11367.373092
1078.661913,194,11380.698327
401.907446,73,11387.295171
639.593308,119,11394.132591
1354.40832,254,11407.63438
922.68662,163,11425.247236
937.149184,169,11438.476735
404.90889,81,11445.099098
843.904037,154,11451.97708
1871.156843,346,11478.425771
903.99496,165,11491.858544
1999.914201,394,11518.447006
845.436515,160,11531.686958
685.989426,132,11538.451044
1440.504344,275,11564.362293
800.020223,143,11571.202289
549.887985,101,11577.883734
1973.328476,368,11604.355033
351.461778,63,11610.963171
890.403231,166,11617.863715
514.069619,96,11624.505614
2552.311111,517,11662.901546
977.207308,179,11676.256644
834.781883,160,11689.431321
653.199856,129,11696.183465
414.415388,89,11708.071018
868.915392,156,11721.223642
911.502552,165,11728.083109
947.881049,167,11741.312292
980.569545,195,11754.583925
854.899023,177,11767.895086
734.822149,136,11778.638945
407.853216,82,11785.228971
737.469805,134,11791.970204
700.941536,127,11798.726253
660.7447,118,11811.721792
1122.13711,209,11825.011316
813.875582,156,11831.849052
1474.877037,270,11857.633484
818.994672,166,11870.802516
1125.308457,214,11884.087869
814.748529,172,11891.010701
751.598204,136,11904.235915
545.94937,96,11910.854468
3736.476582,725,11964.855599
595.766788,119,11971.673322
1029.391662,188,11984.916049
692.950013,138,11997.464412
733.018738,145,12010.585456
986.521043,192,12023.822526
698.264043,122,12030.53238
612.257777,112,12037.315735
1204.661949,226,12050.654005
505.589994,89,12057.260804
426.809901,76,12069.289419
634.507569,120,12075.979268
753.731312,140,12089.084121
598.923685,103,12095.762614
943.291107,171,12102.647492
1137.414776,216,12122.224798
637.386721,111,12128.943387
923.354473,167,12141.713435
435.077614,77,12148.277185
3201.07846,599,12188.048292
1175.22874,206,12201.555091
545.539457,95,12213.028206
1446.384479,265,12232.925746
2828.798889,538,12266.246084
1261.860102,231,12288.369279
811.035419,147,12301.536671
1032.963112,185,12314.748626
891.630995,159,12321.636176
954.435722,193,12334.811331
902.050257,168,12347.964754
796.522077,165,12369.447597
1026.364015,192,12382.761765
925.485063,168,12389.600489
263.965028,50,12396.078008
2954.130907,557,12440.223001
1410.529422,266,12460.042078
639.06574,117,12466.764927
1022.046984,178,12479.890334
1605.871806,306,12499.828328
863.446484,166,12517.22995
599.895452,108,12523.906122
748.294913,139,12530.666569
642.408756,117,12537.332775
599.471206,116,12543.992159
1418.464396,283,12563.897098
640.984059,118,12570.574191
983.997833,206,12598.685393
795.171618,146,12605.461337
638.159851,130,12612.160394
587.016111,104,12618.94815
678.081941,131,12631.931585
695.075774,139,12638.743248
2249.136448,429,12669.722862
685.705601,122,12682.806407
261.371654,51,12682.986837
1684.000414,306,12702.785889
1402.908123,256,12729.277214
1137.312377,204,12742.568645
488.029757,87,12749.151054
1019.787214,188,12756.077251
968.170539,180,12769.234683
1020.083514,189,12782.39287
985.161222,176,12802.60623
1709.664623,335,12822.446848
837.748399,146,12835.510642
933.157603,168,12842.298309
937.773554,173,12855.407368
760.445142,146,12874.523396
1798.043885,364,12894.46803
771.460032,153,12907.616672
1479.307818,279,12927.333916
1509.88595,302,12956.815025
1157.163284,210,12970.070851
742.669864,139,12976.769693
1256.017694,226,12989.983973
749.070346,136,13002.961674
955.120521,176,13009.810727
662.631778,118,13030.499848
2649.488938,490,13057.222055
1126.624219,203,13076.804877
807.745246,149,13083.544997
1299.065994,239,13105.979894
2555.19463,498,13138.743582
811.110152,143,13151.773196
859.091734,154,13158.617959
533.374881,98,13176.766821
703.511541,125,13189.729652
1019.02184,189,13196.574366
3087.330929,586,13235.924322
456.379391,81,13248.892144
508.344109,93,13255.441801
413.663224,77,13261.903655
2512.938913,469,13294.431987
660.990269,112,13301.208052
526.248049,93,13307.786632
1287.864169,258,13326.774299
673.619401,122,13333.438534
1317.874161,240,13352.829722
1776.878528,331,13372.618593
1623.074553,287,13398.191044
937.468651,174,13411.31134
1103.505107,210,13424.523654
1150.609509,209,13437.691501
479.734406,91,13444.228909
723.032347,124,13450.912025
485.811343,85,13461.746782
931.808139,164,13474.690291
836.810642,155,13481.435083
706.972267,126,13488.106121
566.555931,112,13494.731329
421.669778,74,13501.188192
482.907887,83,13507.735314
4092.94519,766,13566.39236
430.49565,79,13566.791169
859.737418,155,13579.797713
386.685744,69,13586.355532
817.60218,165,13593.069951
679.948015,126,13613.9563
1209.583004,216,13627.11871
585.344447,117,13633.77153
482.926033,90,13640.300225
599.918162,107,13646.900658
1265.911534,230,13660.084853
1138.512544,217,13677.856322
533.031221,95,13684.39203
470.666378,82,13690.888205
387.251434,73,13697.381666
623.503375,113,13704.042585
616.302291,114,13710.608716
4076.878781,750,13770.148782
767.312915,140,13776.950261
926.835896,164,13789.952297
1362.554173,242,13803.096695
511.249735,99,13809.76119
867.579847,165,13827.986235
801.410502,144,13834.658245
691.744553,123,13841.291503
734.401184,148,13854.279284
661.06069,125,13860.87076
1198.442203,232,13874.083953
736.860149,140,13895.570812
700.164492,122,13902.213212
788.706534,142,13915.156283
1243.630672,218,13928.270921
1809.901134,337,13947.998845
702.472156,121,13954.631109
1749.26503,326,13986.909502
1229.24213,223,14000.084944
1467.530997,292,14019.738275
1045.800986,188,14040.757663
1782.965253,332,14060.686329
942.774758,171,14073.657475
306.964511,56,14073.870939
1752.62523,312,14093.709283
1169.290659,204,14114.278639
961.209248,173,14127.311587
1212.719769,235,14140.434991
1362.762321,237,14159.839556
532.498042,96,14166.363048
1682.022568,331,14193.384006
997.199395,187,14206.491336
1550.525255,279,14225.960727
1671.009335,306,14245.508553
924.519621,167,14256.96373
475.563956,87,14263.49584
807.915794,144,14276.312542
940.995619,167,14283.025571
1202.092165,221,14302.368586
1155.647233,204,14315.394034
2363.62392,437,14349.058711
796.902213,145,14355.770968
1685.381501,311,14381.650465
1158.056212,201,14400.801096
939.963362,165,14407.553757
432.196374,77,14414.050919
463.999978,81,14420.576107
854.60841,147,14427.216159
577.351037,103,14433.748013
766.548186,140,14446.686978
1068.076962,195,14459.828561
576.17472,99,14474.244963
1350.536928,242,14487.518882
712.830474,122,14494.248652
826.176646,155,14507.159018
937.996641,168,14520.131477
919.85566,172,14527.00772
489.465199,84,14533.486241
644.705731,122,14544.313881
3620.177959,653,14589.855153
1672.853109,316,14616.415954
1512.762759,270,14635.832557
1582.356962,294,14655.531181
507.337351,89,14662.035112
1237.134218,214,14675.078939
951.437848,173,14690.231709
1080.501837,198,14703.344811
1241.339374,240,14723.045185
926.967995,163,14729.976329
754.358943,137,14743.005897
2279.297952,427,14775.283322
1723.557241,314,14794.83117
1349.621933,242,14814.153549
476.56128,91,14820.632019
1030.201678,191,14835.127797
500.92154,88,14841.699892
454.076663,82,14848.130049
1377.969832,275,14867.550311
713.716367,128,14874.148284
1024.330117,187,14887.182609
2214.452298,416,14920.457764
3567.337778,641,14965.893006
1382.496241,247,14985.228126
1282.753969,227,14998.375912
1068.921664,196,15011.450122
1884.317642,342,15037.369503
1555.730857,286,15066.019171
1235.85404,222,15079.139955
777.099499,152,15085.817289
1881.117929,335,15111.589407
1113.675627,194,15132.121753
919.856339,176,15138.946681
851.633855,149,15151.816369
934.574774,171,15164.662521
1013.402337,196,15177.625233
951.702213,187,15184.590425
1451.287398,283,15212.129594
594.072936,104,15218.673083
1245.717456,230,15237.946864
1221.434097,236,15251.173
924.692018,176,15272.495384
1441.360311,293,15291.965666
3346.300757,606,15330.878529
1392.985132,258,15351.374046
1109.331347,222,15370.688884
1346.877266,241,15383.825214
2691.989981,510,15425.635134
800.543619,145,15432.323095
1142.605729,206,15451.455624
680.103625,129,15458.03152
1664.182929,312,15477.500928
885.226563,152,15492.589377
1350.178153,249,15511.93448
2629.783228,487,15544.21353
962.104017,170,15563.690328
541.84833,106,15570.20726
1904.434912,353,15589.744642
1604.007318,291,15609.400088
1411.730141,255,15634.715335
974.092528,172,15641.446326
1284.705522,241,15660.855575
1592.289099,278,15674.054453
2795.021597,515,15717.037088
1054.112344,189,15730.056479
1152.043069,202,15743.026233
2278.698015,410,15776.541696
1816.930982,315,15796.110897
1339.852369,239,15809.164046
954.226782,174,15822.020406
1240.244039,227,15835.089177
852.578199,157,15861.290965
3732.735657,680,15906.425582
751.556002,130,15913.08347
1250.72809,237,15935.586244
1133.475988,193,15948.638202
772.461304,134,15955.261486
842.159269,156,15968.067705
1483.933677,254,15987.296372
610.608094,120,16001.550183
660.049752,117,16008.114665
1203.645536,224,16021.121559
1218.937645,217,16034.115181
1026.980418,181,16046.974528
1154.471617,203,16059.975814
1603.697722,288,16087.236057
674.191947,114,16093.775721
613.404062,103,16100.314871
2001.615708,348,16126.092797
1152.226202,196,16149.623736
2324.433631,428,16175.634018
2640.081845,458,16207.898837
979.512945,174,16219.797182
687.042315,123,16232.48949
956.684649,167,16239.162853
1258.675013,213,16252.172123
938.096167,174,16265.153511
552.130951,96,16271.590994
588.889653,104,16278.071255
1156.51051,206,16297.748047
725.114737,133,16304.321326
817.069528,151,16317.050986
1868.634573,352,16336.606799
464.856379,83,16343.061603
1491.523366,266,16368.344776
1198.071155,208,16381.323321
540.683811,92,16387.763072
2111.86122,375,16413.507541
880.939786,154,16420.209011
555.858058,95,16432.319194
640.330638,110,16438.799621
784.278298,133,16451.481883
721.803909,127,16458.047762
657.045306,112,16464.546978
1313.733721,226,16477.536158
1411.824003,249,16504.743671
620.848422,108,16511.260002
713.570835,124,16517.835354
2105.050549,384,16543.509606
933.500962,157,16556.498264
1072.081605,205,16580.324694
3812.407967,699,16625.680304
1570.890367,278,16638.955297
3134.495504,577,16687.154422
2488.593377,466,16730.475467
856.856561,155,16737.231693
1827.969762,320,16762.859988
991.88815,177,16769.577406
2254.448439,403,16806.825424
3636.302277,668,16851.872265
1011.047973,179,16864.746423
1117.050371,195,16893.18312
3274.752497,576,16931.802043
1265.819465,216,16944.81652
1225.546777,222,16968.319868
3393.118742,602,17006.929178
478.646015,86,17013.379016
1727.83965,315,17041.227326
1282.423601,233,17054.225323
2649.080338,474,17086.225256
746.440338,125,17092.779232
700.936366,142,17117.164871
579.384418,100,17123.584342
1668.856994,289,17142.759445
2351.085146,429,17168.532295
949.885125,166,17182.430073
521.317108,88,17188.809164
1025.931254,178,17201.559694
1060.955077,177,17214.263913
1363.602686,249,17227.242442
1038.78136,186,17239.990667
1385.580976,262,17265.154851
1904.62156,318,17284.408444
484.345186,86,17290.828418
2902.543095,515,17338.558572
555.444896,98,17345.045995
1329.224884,230,17357.91421
859.121194,140,17370.54086
510.202996,89,17376.925027
749.006508,132,17383.422116
2040.362947,367,17416.393044
559.421888,96,17422.844647
1769.399271,301,17442.078138
1430.667575,259,17455.114817
1041.883069,189,17476.996619
546.963551,94,17483.396173
1315.444095,227,17496.303238
2101.170477,370,17521.787633
2362.007807,401,17563.24059
1424.374562,246,17576.354619
1437.555895,261,17595.491925
1694.200446,292,17614.761994
3257.359314,565,17659.792947
825.08093,138,17666.396611
1783.510892,312,17685.671999
186.004845,35,17691.9129
564.792416,98,17697.857118
1546.529461,277,17716.994992
3827.694372,658,17774.900602
2745.517209,479,17807.030474
689.060272,117,17813.552168
425.77524,75,17819.872575
2285.344665,391,17854.402247
1435.722275,252,17873.608099
1227.078893,230,17886.53538
5212.044597,914,17950.815761
1583.735916,287,17970.116297
2303.894966,387,18011.171326
1952.541085,334,18030.747097
2511.392799,437,18062.811706
1482.214757,252,18085.607186
1057.35282,170,18098.417816
668.831992,112,18104.861267
1638.102565,275,18124.067571
640.896479,109,18130.575268
2314.895455,390,18162.507863
1946.878664,337,18182.072022
3302.721019,614,18230.395246
905.049329,156,18243.204491
238.106723,44,18243.376688
898.255529,157,18256.021153
1465.730756,278,18275.136296
315.905684,58,18275.380729
804.451652,133,18299.55874
244.66983,46,18299.746021
2250.775571,380,18325.641578
1791.233776,313,18344.943754
271.322004,50,18351.196117
320.63704,57,18351.394023
836.859827,140,18372.203029
990.413287,182,18378.896306
875.5228,160,18391.689354
4235.191908,718,18443.401766
1115.892,186,18456.224323
1390.844295,238,18469.171897
199.328924,38,18475.424697
2808.705417,475,18515.944746
970.245761,171,18522.607675
694.643407,113,18529.080527
192.74235,36,18535.277698
548.263348,94,18541.664478
173.849232,33,18541.788502
186.120599,35,18541.905868
180.701917,34,18548.090873
1096.019192,178,18554.686295
1225.194487,216,18573.817426
966.556161,176,18590.131392
1576.780718,273,18609.264086
3198.790838,534,18641.501496
792.496146,152,18661.392275
1468.01828,275,18680.480759
842.059805,148,18687.133473
845.743141,140,18699.818439
272.077897,49,18700.001395
274.467336,49,18706.2536
682.341168,119,18712.668625
730.516293,125,18719.140137
588.970958,98,18732.042981
388.410302,66,18738.361351
928.697271,154,18744.889982
3729.143156,620,18783.244459
1205.641308,205,18812.50001
840.697784,148,18825.294304
1005.663591,165,18837.943234
789.905656,131,18844.482571
1516.958172,266,18863.575447
1844.040482,325,18890.266603
1261.389392,210,18903.109339
858.283216,142,18909.659214
637.712884,108,18916.152164
631.424469,107,18922.599625
1253.63457,205,18941.411204
785.112816,133,18953.04919
903.654305,158,18959.622803
403.169721,71,18965.970558
1868.482462,305,18985.158751
4306.070327,723,19040.094719
1849.000926,321,19065.549116
552.758565,97,19071.98389
1161.790738,193,19084.836052
1352.038223,216,19106.327145
1001.564031,175,19113.024733
992.25356,168,19125.757126
1034.008413,175,19138.48477
710.232084,115,19145.203476
1761.518683,315,19169.762872
1282.701334,211,19182.632353
698.635033,119,19189.229953
1866.672619,313,19214.511345
1484.616086,261,19227.521403
1261.932744,212,19249.739479
1943.158349,325,19275.186759
1681.864186,309,19294.510896
524.964738,90,19300.926334
797.728466,147,19315.856489
1855.162756,309,19335.212776
302.964101,55,19341.495914
259.553747,48,19341.662336
280.985105,51,19347.869296
294.286566,54,19348.053077
318.122456,57,19354.327058
1029.353768,167,19360.907923
2817.04483,450,19406.47837
1900.416822,308,19425.764533
575.363176,98,19432.207778
1454.403792,239,19445.153789
860.654543,144,19467.370755
1981.736197,346,19486.708407
1660.224316,269,19505.831931
1625.019209,285,19525.155589
646.537887,111,19538.741311
1362.0802,249,19551.646077
1884.284384,312,19577.127056
1902.493234,317,19596.350065
227.33232,42,19596.546408
2607.893431,467,19647.118496
268.585791,49,19647.365089
1049.692113,182,19660.090484
4117.275872,673,19729.907462
835.289956,144,19736.510172
272.37586,49,19742.828048
817.036402,141,19749.336854
773.533364,133,19761.902528
1097.568895,185,19768.575142
1444.050289,247,19809.347653
1115.835966,198,19822.094733
767.181421,148,19828.657361
1951.840574,337,19854.025253
6316.331366,1000,19927.24751
6326.602995,1000,20008.512591
3671.234014,604,20061.270975
3168.010762,507,20102.105562
2241.119176,354,20121.578038
4207.451585,655,20171.710655
3963.125708,617,20210.268032
245.274116,45,20216.594385
286.569291,51,20216.763711
739.513733,121,20223.284096
2786.242046,426,20274.764066
1250.234991,206,20287.600907
6320.705864,1000,20366.737952
453.294732,77,20367.184768
3475.928898,542,20429.354408
1601.335283,260,20442.418109
244.392456,45,20448.64772
311.418129,55,20448.83377
2332.935818,366,20474.408796
234.089886,43,20474.619915
724.395313,121,20489.691374
224.440673,41,20489.846761
249.314563,45,20496.063132
997.349982,162,20502.636922
200.775309,37,20508.800786
1724.320372,277,20521.990316
318.445801,56,20528.319319
369.025753,63,20528.53255
240.083722,44,20534.726274
240.495097,44,20534.874925
1628.618832,262,20566.04266
1315.039337,209,20578.923692
1124.473579,178,20591.7082
2759.028955,438,20617.343334
734.795084,122,20623.811067
511.225213,85,20641.981195
697.342204,115,20648.422597
990.26787,160,20660.993982
2874.486822,457,20692.878523
1934.754689,314,20729.259286
556.395105,92,20735.672509
230.91099,42,20735.828275
278.076045,49,20742.071004
1933.765651,314,20761.425281
4484.38004,725,20832.846674
6344.77039,1000,20912.947066
363.476313,63,20919.389508
831.115406,150,20925.935096
488.550254,84,20932.276616
797.555938,154,20938.958184
6475.474261,1000,21022.769338
583.218406,94,21029.38804
2536.501519,409,21085.136784
3874.837931,605,21123.48497
467.950833,81,21123.852252
1381.340535,235,21150.087878
5392.073596,842,21217.817202
722.319958,120,21224.365636
1023.705041,194,21237.046584
399.082325,72,21243.412736
1064.174371,189,21256.06366
817.182761,135,21262.607125
1745.657593,298,21290.359815
512.722174,87,21296.738958
575.158365,102,21303.093264
1036.858385,206,21315.949804
449.99122,77,21322.258723
1410.795816,256,21335.054244
1026.526799,181,21347.639316
