eval_qs_difference,eval_abs_qs_difference,eval mean 100 episode reward,total timesteps,eval_returns,eval_discount_q,eval_qs,eval_time_elapsed,eval_ep_rewmean,eval_eplenmean
-24.361058028178324,24.361055,44.0,1,46.9432700949631,37.78437178735087,-1.1740168,0,44.270728272727276,29.545454545454547
,,,104,,,,,,
,,,239,,,,,,
,,,301,,,,,,
,,,398,,,,,,
,,,492,,,,,,
,,,581,,,,,,
,,,687,,,,,,
,,,776,,,,,,
,,,846,,,,,,
,,,924,,,,,,
,,,988,,,,,,
-24.88152397507921,24.881525,44.9,1001,43.19186081199092,38.642468598604005,-1.1677662,0,45.40077709090909,30.09090909090909
,,,1051,,,,,,
,,,1165,,,,,,
,,,1264,,,,,,
,,,1360,,,,,,
,,,1443,,,,,,
,,,1541,,,,,,
,,,1608,,,,,,
,,,1704,,,,,,
,,,1797,,,,,,
,,,1876,,,,,,
,,,1983,,,,,,
-24.045534055828544,24.045534,44.4,2001,45.020832075218465,37.22548927637974,-1.1824912,0,43.550355909090904,29.181818181818183
,,,2091,,,,,,
,,,2168,,,,,,
,,,2235,,,,,,
,,,2332,,,,,,
,,,2414,,,,,,
,,,2489,,,,,,
,,,2554,,,,,,
,,,2631,,,,,,
,,,2729,,,,,,
,,,2857,,,,,,
,,,2968,,,,,,
-24.334029555951375,24.334028,44.3,3001,49.27665151774597,37.77877635741378,-1.172093,0,44.262046,29.545454545454547
,,,3052,,,,,,
,,,3164,,,,,,
,,,3247,,,,,,
,,,3333,,,,,,
,,,3401,,,,,,
,,,3496,,,,,,
,,,3568,,,,,,
,,,3660,,,,,,
,,,3755,,,,,,
,,,3813,,,,,,
,,,3894,,,,,,
,,,3974,,,,,,
-24.15063855297026,24.15064,44.2,4001,47.551226101587346,37.4465709706331,-1.1764356,0,43.81445872727273,29.272727272727273
,,,4069,,,,,,
,,,4155,,,,,,
,,,4289,,,,,,
,,,4347,,,,,,
,,,4430,,,,,,
,,,4528,,,,,,
,,,4656,,,,,,
,,,4741,,,,,,
,,,4814,,,,,,
,,,4894,,,,,,
,,,4958,,,,,,
-25.33660135464459,25.336601,44.6,5001,45.477313109185104,39.43288700199246,-1.161859,0,46.42865581818182,30.545454545454547
,,,5048,,,,,,
,,,5177,,,,,,
,,,5271,,,,,,
,,,5367,,,,,,
,,,5412,,,,,,
,,,5488,,,,,,
,,,5570,,,,,,
,,,5641,,,,,,
,,,5767,,,,,,
,,,5851,,,,,,
,,,5918,,,,,,
-24.45199182782878,24.451994,44.6,6001,47.141087070051704,38.00533192690238,-1.1682429,0,44.53248636363635,29.636363636363637
,,,6009,,,,,,
,,,6103,,,,,,
,,,6183,,,,,,
,,,6299,,,,,,
,,,6431,,,,,,
,,,6487,,,,,,
,,,6561,,,,,,
,,,6644,,,,,,
,,,6703,,,,,,
,,,6814,,,,,,
,,,6893,,,,,,
,,,6982,,,,,,
-24.435985537815125,24.435986,44.6,7001,45.13863011603648,37.949737932409,-1.1687351,0,44.478167727272734,29.636363636363637
,,,7099,,,,,,
,,,7173,,,,,,
,,,7255,,,,,,
,,,7385,,,,,,
,,,7483,,,,,,
,,,7562,,,,,,
,,,7677,,,,,,
,,,7753,,,,,,
,,,7848,,,,,,
,,,7908,,,,,,
,,,7985,,,,,,
-24.555353539144093,24.555353,44.6,8001,41.370246174746796,38.120780193592395,-1.1768657,0,44.71708145454546,29.727272727272727
,,,8103,,,,,,
,,,8228,,,,,,
,,,8319,,,,,,
,,,8435,,,,,,
,,,8545,,,,,,
,,,8634,,,,,,
,,,8729,,,,,,
,,,8820,,,,,,
,,,8921,,,,,,
-24.059582080630296,24.059582,44.5,9001,41.55079626210404,37.24789485090996,-1.1777345,0,43.57234081818182,29.181818181818183
,,,9031,,,,,,
,,,9100,,,,,,
,,,9159,,,,,,
,,,9220,,,,,,
,,,9279,,,,,,
,,,9399,,,,,,
,,,9486,,,,,,
,,,9540,,,,,,
,,,9623,,,,,,
,,,9719,,,,,,
,,,9803,,,,,,
,,,9885,,,,,,
,,,9944,,,,,,
-24.635835759548993,24.635836,44.5,10001,45.32376576344386,38.28588073594846,-1.1688002,0,44.911607,29.818181818181817
,,,10004,,,,,,
,,,10092,,,,,,
,,,10235,,,,,,
,,,10322,,,,,,
,,,10452,,,,,,
,,,10553,,,,,,
,,,10735,,,,,,
,,,10831,,,,,,
,,,10922,,,,,,
-24.86097940592595,24.86098,44.6,11001,44.98208536819815,38.657719487939595,-1.1643893,0,45.405801545454544,30.09090909090909
,,,11013,,,,,,
,,,11090,,,,,,
,,,11211,,,,,,
,,,11284,,,,,,
,,,11344,,,,,,
,,,11462,,,,,,
,,,11542,,,,,,
,,,11621,,,,,,
,,,11694,,,,,,
,,,11827,,,,,,
,,,11893,,,,,,
-24.717334518994996,24.717335,44.8,12001,47.078406421553034,38.40401967700057,-1.169415,0,45.07736045454546,29.90909090909091
,,,12048,,,,,,
,,,12172,,,,,,
,,,12295,,,,,,
,,,12347,,,,,,
,,,12474,,,,,,
,,,12551,,,,,,
,,,12643,,,,,,
,,,12739,,,,,,
,,,12804,,,,,,
,,,12910,,,,,,
,,,12995,,,,,,
-23.847255940192895,23.847258,44.7,13001,41.37545486129799,36.93950290576249,-1.1769761,0,43.154385727272725,29.0
,,,13063,,,,,,
,,,13144,,,,,,
,,,13275,,,,,,
,,,13368,,,,,,
,,,13463,,,,,,
,,,13583,,,,,,
,,,13654,,,,,,
,,,13736,,,,,,
,,,13805,,,,,,
,,,13911,,,,,,
,,,13975,,,,,,
-24.51035202096447,24.510351,44.5,14001,46.915228613095444,38.02807431055275,-1.1733224,0,44.60484318181818,29.727272727272727
,,,14074,,,,,,
,,,14227,,,,,,
,,,14280,,,,,,
,,,14365,,,,,,
,,,14483,,,,,,
,,,14678,,,,,,
,,,14742,,,,,,
,,,14801,,,,,,
,,,14871,,,,,,
,,,14934,,,,,,
-24.561269300015205,24.561272,44.5,15001,47.27273337538787,38.14759857533351,-1.168708,0,44.74793827272728,29.818181818181817
,,,15083,,,,,,
,,,15154,,,,,,
,,,15238,,,,,,
,,,15304,,,,,,
,,,15384,,,,,,
,,,15475,,,,,,
,,,15600,,,,,,
,,,15662,,,,,,
,,,15805,,,,,,
,,,15905,,,,,,
,,,15971,,,,,,
-24.79905840948262,24.799059,44.6,16001,45.06629681133666,38.54790694146818,-1.1661077,0,45.26387172727272,30.0
,,,16105,,,,,,
,,,16176,,,,,,
,,,16262,,,,,,
,,,16313,,,,,,
,,,16448,,,,,,
,,,16547,,,,,,
,,,16610,,,,,,
,,,16660,,,,,,
,,,16759,,,,,,
,,,16842,,,,,,
,,,16955,,,,,,
-24.702020476769345,24.70202,44.6,17001,42.987289527564165,38.41895363575722,-1.1666055,0,45.087900090909095,29.90909090909091
,,,17106,,,,,,
,,,17193,,,,,,
,,,17280,,,,,,
,,,17356,,,,,,
,,,17506,,,,,,
,,,17638,,,,,,
,,,17701,,,,,,
,,,17760,,,,,,
,,,17826,,,,,,
,,,17889,,,,,,
,,,17958,,,,,,
-24.438293177219347,24.438293,44.8,18001,41.40444154718075,37.91895087425839,-1.1732194,0,44.42598263636364,29.545454545454547
,,,18035,,,,,,
,,,18121,,,,,,
,,,18236,,,,,,
,,,18355,,,,,,
,,,18443,,,,,,
,,,18508,,,,,,
,,,18599,,,,,,
,,,18680,,,,,,
,,,18806,,,,,,
,,,18905,,,,,,
,,,18990,,,,,,
-24.487785865917076,24.487785,44.7,19001,41.32315848599495,37.97924140481197,-1.1752238,0,44.521768,29.636363636363637
,,,19045,,,,,,
,,,19134,,,,,,
,,,19207,,,,,,
,,,19328,,,,,,
,,,19489,,,,,,
,,,19588,,,,,,
,,,19704,,,,,,
,,,19785,,,,,,
,,,19907,,,,,,
,,,19975,,,,,,
-24.110553053907122,24.110554,44.5,20001,46.995820480928614,37.39111877282001,-1.1695827,0,43.76220354545454,29.363636363636363
,,,20029,,,,,,
,,,20204,,,,,,
,,,20253,,,,,,
,,,20478,,,,,,
,,,20539,,,,,,
,,,20615,,,,,,
,,,20676,,,,,,
,,,20804,,,,,,
,,,20900,,,,,,
-23.819609334674457,23.81961,44.4,21001,41.162199094883775,36.89720088193709,-1.1749623,0,43.078729,28.90909090909091
,,,21001,,,,,,
,,,21087,,,,,,
,,,21188,,,,,,
,,,21247,,,,,,
,,,21341,,,,,,
,,,21492,,,,,,
,,,21561,,,,,,
,,,21653,,,,,,
,,,21755,,,,,,
,,,21858,,,,,,
,,,21934,,,,,,
-24.171490195233535,24.17149,44.4,22001,44.767971249935975,37.546531544057935,-1.1701969,0,43.94487818181819,29.363636363636363
,,,22024,,,,,,
,,,22112,,,,,,
,,,22176,,,,,,
,,,22296,,,,,,
,,,22374,,,,,,
,,,22487,,,,,,
,,,22540,,,,,,
,,,22624,,,,,,
,,,22723,,,,,,
,,,22812,,,,,,
,,,22904,,,,,,
,,,22986,,,,,,
-24.206558662946158,24.20656,44.4,23001,43.14577978120504,37.569929434908644,-1.1722054,0,43.97299581818182,29.363636363636363
,,,23104,,,,,,
,,,23204,,,,,,
,,,23279,,,,,,
,,,23467,,,,,,
,,,23559,,,,,,
,,,23694,,,,,,
,,,23769,,,,,,
,,,23848,,,,,,
,,,23930,,,,,,
-24.676472876016177,24.676476,44.3,24001,47.09166131493953,38.27340887358809,-1.1760244,0,44.91400190909091,29.818181818181817
,,,24008,,,,,,
,,,24126,,,,,,
,,,24202,,,,,,
,,,24286,,,,,,
,,,24357,,,,,,
,,,24433,,,,,,
,,,24489,,,,,,
,,,24581,,,,,,
,,,24650,,,,,,
,,,24737,,,,,,
,,,24819,,,,,,
,,,24926,,,,,,
,,,24990,,,,,,
-48.0321126616228,48.032116,50.6,25001,107.71659930867924,80.55804822358158,-1.0813068,1,108.47891581818182,61.18181818181818
,,,25116,,,,,,
,,,25251,,,,,,
,,,25347,,,,,,
,,,25441,,,,,,
,,,25541,,,,,,
,,,25655,,,,,,
,,,25887,,,,,,
-1.6894989399245242,21.119223,63.6,26001,171.7384715339649,109.84462288583609,67.95318,2,168.89779654545453,86.36363636363636
,,,26234,,,,,,
,,,26582,,,,,,
,,,26929,,,,,,
34.05006843241108,34.05007,77.3,27001,167.32897292531376,109.5523798713814,103.72258,2,168.57784227272728,86.27272727272727
,,,27275,,,,,,
,,,27624,,,,,,
,,,27972,,,,,,
37.52356655381964,37.523563,91.2,28001,170.97573936447327,110.58273580816973,108.15026,2,170.66500154545454,86.63636363636364
,,,28316,,,,,,
,,,28663,,,,,,
37.56888569766754,37.568886,105.2,29001,168.29086727842642,110.8046522329986,108.46675,2,171.18947154545455,86.72727272727273
,,,29009,,,,,,
,,,29358,,,,,,
,,,29702,,,,,,
36.37769893353613,36.854824,119.5,30001,174.47056492641133,112.08511493444688,109.36531,2,174.12811454545457,86.54545454545455
,,,30048,,,,,,
,,,30393,,,,,,
,,,30734,,,,,,
37.20199851742471,39.11568,133.2,31001,171.96158760903816,108.27538706076156,107.15366,2,167.07709045454547,85.54545454545455
,,,31074,,,,,,
,,,31388,,,,,,
,,,31697,,,,,,
,,,31888,,,,,,
52.85813555402733,52.85814,154.9,32001,249.653548641306,136.1669423011861,152.31049,3,249.3895324545455,115.18181818181819
,,,32410,,,,,,
,,,32822,,,,,,
56.873921363096265,59.999012,176.7,33001,238.83472229235764,134.3506912162247,149.7171,3,241.33202409090907,116.63636363636364
,,,33226,,,,,,
,,,33679,,,,,,
57.514051707887205,57.959667,193.3,34001,242.14422592187498,136.97888974291052,158.27934,3,248.0622649090909,111.54545454545455
,,,34167,,,,,,
,,,34613,,,,,,
74.59762376809311,74.597626,201.4,35001,224.20525104150366,130.51936062943102,168.2403,3,230.29026163636362,107.9090909090909
,,,35034,,,,,,
,,,35417,,,,,,
,,,35839,,,,,,
56.07192386450361,57.70911,207.5,36001,228.93719786044105,127.78358216196852,148.37851,3,224.22266072727277,105.81818181818181
,,,36307,,,,,,
,,,36776,,,,,,
50.30240451069308,50.587357,217.4,37001,262.0866659729227,143.106068870186,151.64015,3,263.37845118181815,120.0909090909091
,,,37258,,,,,,
,,,37565,,,,,,
,,,37954,,,,,,
45.86657017568768,48.375317,227.8,38001,268.095212709859,144.642879771976,148.291,3,266.13794927272727,119.81818181818181
,,,38377,,,,,,
,,,38662,,,,,,
114.13009519944431,115.25459,224.8,39001,126.29024914304941,92.38636418752168,173.55855,2,133.36776836363637,69.63636363636364
,,,39069,,,,,,
,,,39458,,,,,,
,,,39852,,,,,,
47.94514749139728,50.917397,234.2,40001,254.70892777959733,142.5246018007754,149.60712,3,264.6550874545455,121.45454545454545
,,,40290,,,,,,
,,,40686,,,,,,
,,,40893,,,,,,
43.04469052558887,43.42192,237.3,41001,263.27150597755355,142.8945852577521,144.4108,3,264.59753790909093,121.45454545454545
,,,41391,,,,,,
,,,41879,,,,,,
39.90859454889991,40.349945,238.6,42001,246.51993534979954,136.81863998648868,140.24219,3,253.9774431818182,118.0909090909091
,,,42352,,,,,,
,,,42849,,,,,,
72.62659168030535,73.85554,231.0,43001,172.12531103293145,108.8980808210309,144.20445,2,169.83474127272726,86.63636363636364
,,,43324,,,,,,
,,,43836,,,,,,
36.30333654547363,38.517834,235.2,44001,280.5179270208298,146.16805914341253,142.33041,3,282.2700391818182,129.72727272727272
,,,44362,,,,,,
,,,44849,,,,,,
38.61131744005523,38.855732,240.6,45001,259.12954708300043,143.2282914438075,139.73875,3,270.7367198181818,127.18181818181819
,,,45349,,,,,,
,,,45866,,,,,,
34.94541311502058,37.127968,240.9,46001,276.2225908170749,142.67627378252323,135.7145,3,262.54248754545455,120.27272727272727
,,,46369,,,,,,
,,,46851,,,,,,
31.472960736567014,32.45751,243.8,47001,290.80541383306416,150.24205002010206,139.75204,3,292.4605144545455,132.63636363636363
,,,47389,,,,,,
,,,47854,,,,,,
36.23828659495345,36.43636,256.6,48001,274.6530962317403,145.32965823563427,137.49005,3,268.87158690909087,123.45454545454545
,,,48375,,,,,,
,,,48916,,,,,,
27.51734559661769,29.532482,261.6,49001,285.4079196333469,150.44375412119626,136.8878,3,291.20497409090905,130.0
,,,49453,,,,,,
,,,49858,,,,,,
29.372925499389694,32.824734,262.5,50001,273.52753057417084,145.07719334070933,130.73817,3,270.99248354545455,125.63636363636364
,,,50376,,,,,,
,,,50903,,,,,,
27.019165247442288,27.527845,264.2,51001,276.1171119246313,145.47713788851414,131.00449,3,272.6846375454545,123.72727272727273
,,,51444,,,,,,
,,,51941,,,,,,
114.55882037832717,114.55883,261.3,52001,144.88433086632912,99.16277351132986,175.70804,2,145.64694118181816,77.63636363636364
,,,52312,,,,,,
,,,52846,,,,,,
-26.560722290706806,27.83476,274.5,53001,406.8776149617718,186.65544520307722,125.276764,4,405.7800777272727,145.54545454545453
,,,53441,,,,,,
-14.396953257258566,20.108965,286.1,54001,369.41504628017344,176.18582760699766,128.70717,4,377.9630090909091,142.1818181818182
,,,54061,,,,,,
,,,54632,,,,,,
84.18836297732268,84.18836,281.9,55001,204.29296379380273,123.85763056695099,168.412,2,207.06175627272725,100.27272727272727
,,,55177,,,,,,
,,,55591,,,,,,
-12.231764977353105,13.226557,292.8,56001,405.0304229939688,180.5191469261645,135.86089,4,405.45005472727274,153.0909090909091
,,,56050,,,,,,
,,,56650,,,,,,
-7.87725790924846,10.978367,308.5,57001,408.9659709552672,181.93549057262618,142.65196,4,416.31441899999993,156.9090909090909
,,,57268,,,,,,
,,,57818,,,,,,
0.2192192663135069,5.5252385,320.9,58001,388.64221169800203,184.93998907600346,154.00163,4,397.69677709090905,139.54545454545453
,,,58402,,,,,,
2.628778084387038,6.1233478,335.6,59001,411.2903296534878,184.2705444312689,155.2786,4,410.8459406363636,149.63636363636363
,,,59029,,,,,,
,,,59606,,,,,,
16.65954111794683,19.856224,344.8,60001,356.9282612059386,169.19733430956765,151.69183,3,349.989803,135.0909090909091
,,,60201,,,,,,
,,,60763,,,,,,
3.398468291078933,28.32347,364.5,61001,351.1604582324341,170.15075059372268,139.33374,3,347.91694445454544,132.0
,,,61285,,,,,,
,,,61814,,,,,,
25.26633415947439,26.00379,361.6,62001,327.5345745281445,164.83928944971447,155.64601,3,329.7783532727273,127.72727272727273
,,,62334,,,,,,
,,,62877,,,,,,
30.08157878538428,30.46513,355.3,63001,331.6010167001568,164.72792986740092,159.31444,3,327.9138169090909,127.54545454545455
,,,63441,,,,,,
,,,63984,,,,,,
27.278936768420905,29.207817,365.8,64001,339.9075339633363,165.5434372423936,154.94342,3,333.4692910909091,132.8181818181818
,,,64527,,,,,,
29.298857267082663,29.54925,361.6,65001,325.4406004776568,165.54685860008297,159.6412,3,328.6709431818182,126.27272727272727
,,,65056,,,,,,
,,,65596,,,,,,
36.436984229928115,48.34386,349.0,66001,350.6098801557198,150.47115472606217,152.43384,3,302.84119972727274,118.72727272727273
,,,66136,,,,,,
,,,66718,,,,,,
20.50400458860353,21.825232,355.2,67001,462.7891685260546,166.62588669740754,166.35097,6,468.45833345454537,208.0909090909091
,,,67280,,,,,,
,,,67870,,,,,,
11.331291135526023,14.049787,355.0,68001,403.1913503881599,180.87791489431422,157.22797,4,400.18434454545445,151.54545454545453
,,,68460,,,,,,
3.411672695986239,6.243919,359.4,69001,390.91347115421746,182.83051786069265,152.6089,4,399.14307690909084,146.1818181818182
,,,69034,,,,,,
,,,69508,,,,,,
,,,69898,,,,,,
-21.30438574992036,21.361053,376.4,70001,461.4213771842383,205.2518656358653,156.32106,4,509.47536027272713,172.27272727272728
,,,70641,,,,,,
7.179534266320735,9.147689,388.4,71001,433.3970953673416,179.1723795926685,159.82318,4,440.1204069090909,172.0909090909091
,,,71364,,,,,,
113.71508529522818,113.71509,381.9,72001,306.4009853625243,139.90532556789046,210.78925,3,255.9170764545455,119.54545454545455
,,,72039,,,,,,
,,,72555,,,,,,
191.97538127163705,191.97536,350.6,73001,22.841063010779013,20.301275750338434,203.72829,0,22.407631454545452,19.636363636363637
,,,73094,,,,,,
,,,73838,,,,,,
-29.22328102446535,29.559359,421.5,74001,1054.0846155948227,224.16515660071343,213.15565,10,1068.8345301818183,349.45454545454544
,,,74868,,,,,,
-8.869704985509143,16.08776,494.1,75001,957.261539351757,238.31147668067942,228.20338,8,948.6494319090907,300.6363636363636
46.20425948862223,49.344467,533.4,76001,767.2092258628998,221.8864699607229,244.03145,8,790.6130757272728,288.6363636363636
,,,76117,,,,,,
45.860887999825216,45.861996,765.8,77001,2698.8909499678807,227.2503298581263,293.26663,28,2699.035295090909,1000.0
,,,77888,,,,,,
58.608603258619475,60.373108,844.7,78001,1359.4405309770839,208.1852230163145,259.57324,11,994.8327263636364,381.72727272727275
31.591502623393737,37.14745,907.7,79001,905.8103112498213,232.02435736607507,260.55,9,1026.1508931818182,338.45454545454544
,,,79259,,,,,,
22.70959682390978,30.997963,1123.8,80001,2684.3889282612377,246.11557285368278,299.52673,24,2574.113950090909,834.9090909090909
76.5546752591438,76.62519,1365.3,81001,2457.6876796357624,197.11248854702583,302.57077,28,2455.3023135454546,1000.0
,,,81848,,,,,,
188.20611399534982,188.20612,1413.0,82001,308.8140866397963,154.25261734207388,297.4482,4,311.5135465454545,145.36363636363637
48.853510439793915,49.277775,1570.6,83001,2910.751977212662,219.68625137951085,305.8757,25,2550.359696636364,894.7272727272727
,,,83801,,,,,,
52.503906234985564,54.067204,1780.7,84001,2873.1277654918017,237.46551872668576,316.39902,28,2874.042057545455,1000.0
119.47315924379123,119.4809,1892.7,85001,429.1046478326287,176.82306976972453,298.85526,20,1611.5064421818183,710.6363636363636
,,,85553,,,,,,
150.89961899618217,151.43146,1741.6,86001,457.64910852326216,174.98197530172092,292.31378,14,985.3887817272727,496.1818181818182
,,,86144,,,,,,
64.19719629890926,64.696236,1846.4,87001,1531.7907965386878,216.58917523027887,303.2123,25,2309.9961656363635,878.3636363636364
,,,87792,,,,,,
72.13536957954838,72.325676,1989.7,88001,2483.679068903106,199.62551107909147,306.95993,28,2476.4216795454545,970.4545454545455
30.040894404837896,34.16711,1950.8,89001,1605.7368198305035,221.32751736461458,288.3629,17,1782.7582954545453,604.0
70.22517728816374,70.225174,1951.9,90001,2623.6419511634062,220.79767365898127,311.81796,28,2634.5173839999998,1000.0
,,,90618,,,,,,
49.42677003729662,51.497837,1972.2,91001,699.94596874515,209.7694845023455,249.69164,7,711.4617343636364,251.54545454545453
28.237560724836673,35.97548,2008.7,92001,2332.0079445188103,247.4417865222691,308.6015,23,2569.909106909091,830.5454545454545
,,,92580,,,,,,
62.390510983551685,64.1303,1795.2,93001,777.7970648154276,228.97621648575753,276.71307,7,785.804819909091,260.8181818181818
,,,93639,,,,,,
63.197482054282155,63.934994,1661.5,94001,707.1462839571478,217.75043603204875,264.33813,6,687.095570909091,234.36363636363637
,,,94564,,,,,,
35.11774174750237,44.552536,1665.0,95001,1280.599333704355,224.112579548289,254.98589,10,1079.8449133636366,372.1818181818182
,,,95787,,,,,,
30.742873964039223,33.313576,1510.8,96001,821.2618032809211,227.7976433184228,248.4147,7,805.2818368181817,266.1818181818182
,,,96740,,,,,,
59.209757308951886,60.224808,1339.1,97001,729.1370603589169,231.60868008031184,272.7881,6,728.4850830909091,233.72727272727272
,,,97716,,,,,,
64.52001927811689,65.447845,1202.7,98001,710.4496495876748,226.46908465567205,272.64886,6,708.0100877272727,232.45454545454547
,,,98557,,,,,,
70.27731128105755,71.220894,1000.5,99001,614.6158591768719,211.91719909797965,256.16202,5,597.9742975454545,208.8181818181818
,,,99432,,,,,,
69.24400600263475,69.723274,966.9,100001,767.6795222856819,228.99351894851333,281.38797,7,769.7897449090909,256.0
,,,100399,,,,,,
61.47723198811036,62.619774,791.7,101001,692.1315382873752,218.16940754237623,260.35956,6,673.1391462727272,229.8181818181818
,,,101281,,,,,,
58.236237174279616,59.41909,778.7,102001,961.2396474876999,237.69881764292566,287.49377,9,976.7197097272727,322.1818181818182
,,,102082,,,,,,
38.429220060662836,43.888584,822.4,103001,1132.2332624101182,239.73691260250206,280.30356,10,1110.278994818182,360.3636363636364
,,,103179,,,,,,
50.77611838021153,52.580013,819.1,104001,1003.4682054483789,235.40332057300927,285.4273,9,978.8266521818182,317.90909090909093
,,,104267,,,,,,
38.113911590438,39.71216,824.1,105001,891.8951101152203,233.56988519229154,264.91913,8,883.0219717272726,287.3636363636364
,,,105161,,,,,,
47.98984694702105,50.16693,838.1,106001,892.5591808886325,235.9054092274973,271.48407,8,870.6417393636365,285.0
,,,106100,,,,,,
21.212656408338464,28.568151,862.5,107001,968.262214464448,245.100394139143,262.12015,8,940.4639155454547,289.54545454545456
,,,107131,,,,,,
55.91026177474071,60.68325,903.5,108001,961.8699095208183,239.81810286327146,285.43762,9,987.7938079999999,326.72727272727275
,,,108042,,,,,,
39.679073076714964,42.444466,898.3,109001,865.7781013322053,226.84212789414696,247.33376,6,684.301621909091,220.36363636363637
,,,109031,,,,,,
,,,109984,,,,,,
220.2911691358654,220.29115,851.9,110001,206.0884353695846,124.70257131826878,308.70975,2,206.8104598181818,94.27272727272727
,,,110673,,,,,,
25.1769811667404,31.18623,845.4,111001,1036.7499244778785,238.93492158783468,264.87936,8,949.4470376363636,297.09090909090907
,,,111553,,,,,,
82.92363279900107,83.49037,836.4,112001,832.0081785493275,232.50968740176958,296.1734,10,987.6513002727274,350.27272727272725
,,,112879,,,,,,
32.58755835754633,34.852604,929.8,113001,1837.0307253097671,239.3146279880423,300.4654,17,1930.2314350000001,629.3636363636364
,,,113922,,,,,,
50.03587908303759,52.685947,940.5,114001,921.591335762079,242.0283336914884,278.13712,8,915.0120473636362,296.09090909090907
,,,114942,,,,,,
42.15719477613429,46.475155,948.9,115001,938.5774993604037,236.14900377717532,274.3686,8,949.5571589090908,308.45454545454544
,,,115754,,,,,,
23.657809115960575,26.793934,943.8,116001,824.9316857009549,233.1030244473285,258.14944,7,874.5955058181819,274.54545454545456
,,,116818,,,,,,
42.52038252905008,45.312607,920.1,117001,761.0431513980458,225.56116899303726,260.9482,6,758.0654634545455,244.8181818181818
,,,117971,,,,,,
11.894697270815378,24.078375,927.9,118001,844.7092171903683,237.4064209972132,242.24115,6,805.4967373636363,244.8181818181818
,,,118910,,,,,,
27.09154312427353,32.60448,972.1,119001,834.1572538727567,231.1820387195872,242.98834,6,705.2888712727273,219.63636363636363
,,,119866,,,,,,
17.069437213137917,23.993471,981.4,120001,903.7522786835568,239.34356727457592,255.43658,7,894.9353259090909,274.1818181818182
36.93708598983796,38.298008,951.7,121001,730.5234154657137,221.32802501466992,251.05638,6,732.2271254545453,239.54545454545453
,,,121092,,,,,,
42.8956603997149,45.75558,860.1,122001,890.1715220138766,240.73848098455662,269.6204,8,900.9987652727273,292.27272727272725
,,,122083,,,,,,
50.87109816675636,51.672264,834.6,123001,877.4751019877261,243.2730344319867,277.30942,8,879.0195288181818,281.8181818181818
,,,123157,,,,,,
21.07184382304,26.052399,837.9,124001,966.094499494068,255.726252917291,267.32117,8,981.402806,295.72727272727275
,,,124144,,,,,,
72.20620401527621,73.83348,847.6,125001,955.6920916782448,236.79781184717865,292.91443,9,981.3787688181816,336.90909090909093
,,,125312,,,,,,
81.56304943711986,82.21978,837.9,126001,693.2758645531848,225.2806623347857,273.09012,6,659.9077230909091,228.0
,,,126371,,,,,,
154.69364319380676,156.06076,807.5,127001,517.4340627454168,206.1958663837045,323.85812,5,518.4722614545453,185.8181818181818
,,,127400,,,,,,
122.20742009526471,122.81906,800.7,128001,522.8937280495506,220.11723091255305,309.69345,6,633.5768973636364,216.8181818181818
,,,128593,,,,,,
63.34198737010973,64.07544,855.5,129001,1592.6695680176506,251.78758572275777,311.48285,13,1462.7420735454546,482.54545454545456
,,,129695,,,,,,
54.65625098926136,56.59347,865.3,130001,813.2924671814047,237.87058771392475,271.61676,7,793.6978675454545,256.72727272727275
,,,130686,,,,,,
0.15228945012805958,14.921893,900.9,131001,1243.1459612888789,263.20313463100393,273.0933,10,1230.0654213636362,355.3636363636364
8.82147403445344,15.990003,913.3,132001,970.1064792854762,257.0517639986184,259.02744,8,969.3259932727273,285.72727272727275
,,,132201,,,,,,
55.53174791066013,57.201847,919.1,133001,645.5350084024269,226.69424252212428,278.23047,9,987.2204986363638,332.0
,,,133607,,,,,,
86.36773336446953,88.08915,915.7,134001,519.7230049408821,233.37231390526142,297.46594,9,941.0467378181819,317.8181818181818
,,,134632,,,,,,
48.24867893320929,48.904152,977.0,135001,937.2131510342873,233.1591454504396,290.3705,12,1309.0794070909092,433.3636363636364
,,,135797,,,,,,
46.37176053611324,48.22766,1059.7,136001,988.9200823444286,226.73435974772102,289.13614,11,1302.510735818182,421.0
51.28018688190016,51.72599,1137.0,137001,1067.7774350999327,230.18115610182286,291.50613,12,1316.2367565454545,443.0
,,,137266,,,,,,
61.23214794869623,61.738712,1108.8,138001,962.1419963860113,235.6623056881948,290.19974,9,1047.6996881818181,350.09090909090907
,,,138461,,,,,,
84.74731310168764,85.02497,1130.0,139001,1164.389672610844,247.4376311534957,316.9468,10,1126.916287,370.3636363636364
,,,139636,,,,,,
20.315054582279597,22.200798,1137.0,140001,1008.5318845635741,258.5941083183567,276.0348,10,1205.591533909091,363.8181818181818
,,,140791,,,,,,
16.103353457257324,16.868187,1136.7,141001,1012.6463952802753,258.1240708415797,273.53918,8,1013.1013662727273,294.27272727272725
142.60482389422273,142.60483,1091.0,142001,526.9643821586128,211.34187977947587,322.7356,5,570.5765106363637,196.72727272727272
,,,142678,,,,,,
2.4270061115056167,8.858683,1115.6,143001,1083.0855747527387,258.58463772044746,273.1142,9,1148.8433292727275,329.45454545454544
,,,143827,,,,,,
149.46376854530087,149.87134,1013.8,144001,805.2905261011322,114.08437129998664,251.8391,5,396.4686224545454,177.0
31.94349563261784,34.916714,1176.0,145001,2873.2853298759715,248.61419388375043,320.68884,26,2947.519347727273,936.0
,,,145068,,,,,,
12.32706860574318,13.848464,1148.3,146001,757.2474842685934,237.61576797483593,250.38263,7,870.0887911818182,261.54545454545456
,,,146190,,,,,,
3.6014497616245857,10.18427,1168.0,147001,1243.4114950463002,262.2235234956142,277.5621,10,1253.682273363636,362.6363636363636
,,,147087,,,,,,
13.507635986449982,16.569477,1187.0,148001,1140.8024031843797,259.91141430101834,284.09134,10,1233.916981181818,360.0
67.35068942590411,67.76412,1242.8,149001,1373.1255521408016,258.14967594163755,329.38937,16,1807.1288803636364,582.3636363636364
,,,149259,,,,,,
42.90579771077924,43.31304,1428.5,150001,1650.8787922679264,257.73417607642864,323.6431,24,2723.3344994545455,871.4545454545455
