eval_eplenmean,eval_discount_q,eval_qs,eval_time_elapsed,eval_qs_difference,total timesteps,eval_abs_qs_difference,eval_ep_rewmean,eval mean 100 episode reward,fps,train_time,env_time,act_time,current_lr,time_elapsed,mean 100 episode reward,ep_rewmean,episodes,qs_abs_difference,update_time,n_updates,discount_q,qs_mean,eplenmean,qs_difference,qfs_loss,q_grad_norm
19.0,13.31146779450466,-1.3661029,0,-7.217513994826889,1,7.217514,14.307607909090907,14.3,,,,,,,,,,,,,,,,,,
,,,,,75,,,,60,0,0,0,0.0003,1,16.1,16.08157575,4,6.351833217952064,0,0,6.558454192039366,0.10046457,18.75,-6.351833217952064,,
,,,,,159,,,,83,0,0,0,0.0003,1,15.4,15.447823999999999,8,5.935400509578247,0,0,11.34122233315887,0.23399386,19.875,-5.300843985043309,,
,,,,,324,,,,143,0,0,0,0.0003,2,19.6,19.60412825,12,2.4798109310049337,0,0,2.0763536433520087,0.06826479,27.0,-2.4798109310049337,,
,,,,,396,,,,167,0,0,0,0.0003,2,18.0,18.006707,16,7.626425900884958,0,0,9.436661106287186,0.09528233,24.75,-7.626425900884958,,
,,,,,469,,,,182,0,0,0,0.0003,2,17.5,17.4676348,20,11.594409772888705,0,0,13.179288931347498,0.12839709,23.45,-11.594409772888705,,
,,,,,563,,,,198,0,1,0,0.0003,2,18.8,18.75381833333333,24,6.693232135625125,0,0,5.6381263389903005,0.12423298,23.458333333333332,-6.693232135625125,,
,,,,,669,,,,213,0,1,0,0.0003,3,19.3,19.30873792857143,28,3.19479246710282,0,0,4.844545688108092,0.2755459,23.892857142857142,-0.4992578882410209,,
,,,,,724,,,,215,0,1,0,0.0003,3,18.1,18.06113496875,32,1.3396765524405276,1,0,2.5909686432351484,0.18480408,22.625,-1.1740389767401034,,
,,,,,857,,,,230,0,1,0,0.0003,3,19.8,19.79443838888889,36,41.56378150870859,1,0,29.623537387843278,0.18195744,23.805555555555557,-41.56378150870859,,
,,,,,1009,,,,232,0,1,0,0.0003,4,22.6,22.629396550000003,40,4.955046929546994,1,0,3.7799876121642173,0.15823641,25.225,-4.955046929546994,,
,,,,,1117,,,,236,0,1,0,0.0003,4,22.7,22.742903022727276,44,5.189428327535132,1,0,5.617606940218729,0.08475768,25.386363636363637,-5.189428327535132,,
,,,,,1223,,,,239,0,1,0,0.0003,5,23.8,23.812367124999998,48,4.93790419798996,2,0,4.057707737946661,0.23632444,25.479166666666668,-4.93790419798996,,
,,,,,1332,,,,240,0,1,0,0.0003,5,23.7,23.703084519230767,52,10.627356505334028,2,0,11.740248444222699,0.26927304,25.615384615384617,-10.627356505334028,,
,,,,,1384,,,,245,0,1,0,0.0003,5,22.7,22.698087928571432,56,5.13640698422328,2,0,7.782289167437224,0.1624197,24.714285714285715,-5.12296799566425,,
,,,,,1457,,,,242,0,2,0,0.0003,6,22.1,22.06271926666667,60,8.622906953255594,2,0,10.330656650952848,0.2195017,24.283333333333335,-8.622906953255594,,
,,,,,1588,,,,243,0,2,0,0.0003,6,22.1,22.075271078125002,64,7.987458372452394,2,0,6.887579063651059,0.28125998,24.8125,-7.987458372452394,,
,,,,,1655,,,,239,0,2,0,0.0003,6,21.6,21.629056852941176,68,5.113620008500403,3,0,7.8243887449347,0.2848721,24.33823529411765,-5.113620008500403,,
,,,,,1704,,,,231,0,2,0,0.0003,7,20.9,20.906758986111114,72,4.81817316940333,3,0,7.9720957170681785,0.29921544,23.666666666666668,-4.81817316940333,,
,,,,,1764,,,,236,0,2,0,0.0003,7,20.5,20.450870552631585,76,3.7649043524102463,3,0,5.905478423891383,0.14492491,23.210526315789473,-3.7649043524102463,,
,,,,,1862,,,,233,0,2,0,0.0003,7,20.5,20.489620975,80,6.077454224740193,3,0,5.60377601882103,0.25377655,23.275,-6.077454224740193,,
,,,,,2001,,,,223,0,2,0,0.0003,8,21.0,20.99560729761905,84,5.119299659115911,4,0,3.277082307977258,0.2689839,23.821428571428573,-5.119299659115911,,
,,,,,2113,,,,220,0,2,0,0.0003,9,21.4,21.43500231818182,88,10.060573757901874,5,0,8.173761269949093,0.17594858,24.011363636363637,-10.060573757901874,,
,,,,,2199,,,,226,0,2,0,0.0003,9,20.9,20.930826858695653,92,3.1412603287148757,5,0,4.949866165046789,0.30958816,23.902173913043477,-3.0242790534372226,,
,,,,,2279,,,,222,0,2,0,0.0003,10,20.7,20.687859739583335,96,3.724779394915958,5,0,4.355485102925894,0.17709485,23.739583333333332,-3.724779394915958,,
,,,,,2373,,,,219,0,3,0,0.0003,10,20.7,20.706808120000005,100,3.1621879141455977,6,0,5.755793354590987,0.3092058,23.73,-2.9950835559919815,,
,,,,,2468,,,,216,0,3,0,0.0003,11,21.0,20.98418181,104,5.657946254588699,6,0,4.886194585196986,0.29504734,23.93,-5.657946254588699,,
,,,,,2551,,,,211,0,3,0,0.0003,12,21.1,21.14370507,108,12.39966181878058,6,0,13.131131178034325,0.15500751,23.92,-12.39966181878058,,
,,,,,2656,,,,208,0,3,0,0.0003,12,20.9,20.86009265,112,5.872146689876981,7,0,8.870141008923405,0.25243077,23.32,-5.677340249902581,,
,,,,,2732,,,,203,0,3,0,0.0003,13,20.9,20.865190849999994,116,5.978530367211229,8,0,6.359027972020119,0.026660763,23.36,-5.978530367211229,,
,,,,,2785,,,,205,0,3,0,0.0003,13,20.7,20.67156536,120,4.017499418917146,8,0,5.222965920614147,0.2006217,23.16,-4.017499418917146,,
,,,,,2919,,,,195,0,3,0,0.0003,14,20.8,20.76379368,124,17.79667224025798,9,0,13.431319186615625,0.22852108,23.56,-17.79667224025798,,
,,,,,2994,,,,199,0,3,0,0.0003,15,20.6,20.58696254,128,10.565353140626254,9,0,11.852572433691448,0.2500544,23.25,-10.565353140626254,,
,,,,,3126,,,,190,0,3,0,0.0003,16,21.3,21.268828889999995,132,14.00829052509105,10,0,12.44167777574711,0.21259618,24.02,-14.00829052509105,,
,,,,,3273,,,,189,0,4,0,0.0003,17,22.2,22.20983987,136,10.787787211502092,11,0,6.9107869880093755,0.26592082,24.16,-10.787787211502092,,
,,,,,3361,,,,186,0,4,0,0.0003,18,21.0,21.040932549999994,140,5.613507399268585,11,0,5.418368095436219,0.18294261,23.52,-5.613507399268585,,
,,,,,3466,,,,183,0,4,0,0.0003,18,21.1,21.11813467,144,21.17694901041071,12,0,16.668525017508646,0.107987046,23.49,-21.17694901041071,,
,,,,,3533,,,,179,0,4,0,0.0003,19,20.3,20.25825068,148,2.9034679515485826,13,0,4.408432946084884,0.12216966,23.1,-2.900649013710911,,
,,,,,3632,,,,177,0,4,0,0.0003,20,19.9,19.942276980000003,152,5.936247409981808,13,0,7.5831175601596215,0.22700547,23.0,-5.936247409981808,,
,,,,,3711,,,,173,0,4,0,0.0003,21,20.2,20.21245737,156,16.412578184817914,14,0,16.385492600082575,0.24496163,23.27,-16.412578184817914,,
,,,,,3818,,,,170,0,4,0,0.0003,22,20.8,20.8014466,160,7.336187233882271,15,0,5.949852352447801,0.06376296,23.61,-7.336187233882271,,
,,,,,3942,,,,168,0,4,0,0.0003,23,21.3,21.298419930000005,164,3.4018345692026313,16,0,2.5978238508111593,0.23860829,23.54,-3.4018345692026313,,
,,,,,4027,,,,165,0,4,0,0.0003,24,21.4,21.376197480000005,168,8.11669558696602,16,0,8.55958102629706,0.19119406,23.72,-8.11669558696602,,
,,,,,4156,,,,164,0,5,0,0.0003,25,21.9,21.85165336,172,5.211357043987664,17,0,5.803058328847136,0.18618087,24.52,-5.065992708513361,,
,,,,,4270,,,,162,0,5,0,0.0003,26,22.5,22.49557625,176,6.812881501929884,18,0,4.855630482585062,0.26634866,25.06,-6.812881501929884,,
,,,,,4388,,,,160,0,5,0,0.0003,27,23.1,23.077872819999996,180,10.588985527867573,19,0,6.729351018628465,0.07293012,25.26,-10.588985527867573,,
,,,,,4454,,,,157,0,5,0,0.0003,28,22.4,22.37254884,184,9.705819121399864,20,0,11.962236688659054,0.2757637,24.53,-9.705819121399864,,
,,,,,4520,,,,154,0,5,0,0.0003,29,21.6,21.64160916,188,6.96713982278016,21,0,8.38722075705937,0.30319697,24.07,-6.96713982278016,,
,,,,,4595,,,,156,0,5,0,0.0003,29,21.7,21.69933545,192,4.669115572580294,21,0,6.1213079638312475,0.23610379,23.96,-4.6193389162109275,,
,,,,,4691,,,,154,0,5,0,0.0003,30,22.0,22.012042750000006,196,5.161792507034644,21,0,4.562366840972423,0.24926543,24.12,-5.161792507034644,,
,,,,,4785,,,,152,0,5,0,0.0003,31,21.8,21.82406678,200,7.043759474793372,22,0,11.175274185013981,0.1777651,24.12,-7.034901272264488,,
,,,,,4858,,,,149,0,5,0,0.0003,32,21.4,21.422137069999998,204,3.7073011438797647,23,0,6.436534771205052,0.22857171,23.9,-3.6953263364173856,,
,,,,,4962,,,,147,0,6,0,0.0003,33,21.5,21.517811780000006,208,8.599710361558111,24,0,6.578209440338154,0.21118563,24.11,-8.599710361558111,,
,,,,,5036,,,,144,0,6,0,0.0003,34,21.2,21.225312210000002,212,4.290283065672073,25,0,6.145363712106154,0.35619935,23.8,-4.284814376730374,,
,,,,,5093,,,,145,0,6,0,0.0003,34,21.2,21.196020849999996,216,7.3079259542664925,25,0,8.615018901380429,0.1923037,23.61,-7.3079259542664925,,
,,,,,5183,,,,143,0,6,0,0.0003,36,21.5,21.474570160000003,220,4.362207361000232,26,0,4.318859812459176,0.22566698,23.98,-4.362207361000232,,
,,,,,5257,,,,141,0,6,0,0.0003,37,20.8,20.77180712,224,2.969342647521308,27,0,5.42846363182028,0.21429318,23.38,-0.9730961063386363,,
,,,,,5365,,,,139,0,6,0,0.0003,38,21.2,21.175573209999996,228,19.3506586493767,29,0,14.989224007370469,0.07878659,23.71,-19.3506586493767,,
,,,,,5434,,,,136,0,6,0,0.0003,39,20.7,20.71346224,232,12.214917941201115,30,0,13.895452952416859,0.21427698,23.08,-12.214917941201115,,
,,,,,5507,,,,134,0,6,0,0.0003,40,19.0,18.96129907,236,9.236574065565684,31,0,11.206117570115268,0.30338737,22.34,-9.236574065565684,,
,,,,,5594,,,,136,0,6,0,0.0003,41,19.0,19.02736369,240,3.946911420939249,31,0,3.7118028572411714,0.29012534,22.33,-3.946911420939249,,
,,,,,5649,,,,133,0,6,0,0.0003,42,18.4,18.377211149999997,244,5.018159545304639,32,0,8.472122487783702,0.3578216,21.83,-5.018159545304639,,
,,,,,5723,,,,131,0,6,0,0.0003,43,18.6,18.61355868,248,8.19598140723941,33,0,8.747801026904677,0.23927063,21.9,-8.19598140723941,,
,,,,,5793,,,,132,0,6,0,0.0003,43,18.6,18.59710232,252,9.354248612740426,33,0,10.35971913417523,0.11188628,21.61,-9.354248612740426,,
,,,,,5882,,,,130,0,7,0,0.0003,44,18.6,18.614443819999998,256,16.4095870558538,34,0,16.524059200817657,0.14213762,21.71,-16.4095870558538,,
,,,,,5964,,,,128,0,7,0,0.0003,46,18.1,18.13485965,260,2.775111962719657,35,0,4.294727258042619,0.28620005,21.46,-2.6961897264417654,,
,,,,,6039,,,,126,0,7,0,0.0003,47,17.2,17.22650221,264,4.639290533423171,37,0,9.972565238853475,0.34579384,20.97,-3.322005032964046,,
,,,,,6110,,,,124,0,7,0,0.0003,48,17.1,17.055574249999996,268,5.980256215041565,38,0,8.614371443047052,0.34116694,20.83,-5.980256215041565,,
,,,,,6188,,,,125,0,7,0,0.0003,49,16.8,16.76661306,272,6.875727406868756,38,0,7.404853576227034,0.30329996,20.32,-6.875727406868756,,
,,,,,6288,,,,124,0,7,0,0.0003,50,16.8,16.792596619999998,276,5.1060475566395205,39,0,4.920984364006664,0.22134191,20.18,-5.1060475566395205,,
,,,,,6379,,,,122,0,7,0,0.0003,51,15.8,15.840471199999998,280,5.705650995686096,40,0,5.007754764831568,0.048395786,19.91,-5.705650995686096,,
,,,,,6498,,,,121,0,7,0,0.0003,53,16.8,16.78256567,284,26.648990712536165,42,0,20.716039390501543,0.19677202,20.44,-26.648990712536165,,
,,,,,6573,,,,119,0,7,0,0.0003,54,17.0,17.039084990000003,288,6.065670557510632,43,0,6.717702728559921,0.30066568,20.53,-6.065670557510632,,
,,,,,6651,,,,118,0,7,0,0.0003,56,17.3,17.25876645,292,5.027995926040575,44,0,5.1373242769849226,0.21646155,20.56,-5.027995926040575,,
,,,,,6748,,,,116,0,8,0,0.0003,57,17.0,17.03466754,296,8.241251898137683,46,0,6.967055348128613,0.21068995,20.57,-8.241251898137683,,
,,,,,6812,,,,115,0,8,0,0.0003,59,16.9,16.925034420000003,300,5.323730173196136,47,0,6.035684247381253,0.3126301,20.27,-5.323730173196136,,
,,,,,6889,,,,116,0,8,0,0.0003,59,17.0,16.95482758,304,8.430226535512434,47,0,8.611252963896847,0.17940521,20.31,-8.430226535512434,,
,,,,,6962,,,,114,0,8,0,0.0003,60,16.8,16.794498400000002,308,4.659833420962835,48,0,5.712337411565324,0.04461064,20.0,-4.659833420962835,,
,,,,,7035,,,,112,0,8,0,0.0003,62,16.6,16.63699938,312,2.677493484249025,50,0,3.5082123931723634,0.24801213,19.99,-2.656551410226368,,
,,,,,7094,,,,113,0,8,0,0.0003,62,16.5,16.53511696,316,4.040995867451918,50,0,8.746292960385604,0.167552,20.01,-3.8295933645680527,,
,,,,,7204,,,,109,0,8,0,0.0003,65,17.1,17.057653400000003,320,9.44395132523283,53,0,8.545358386877938,0.15862033,20.21,-9.44395132523283,,
,,,,,7283,,,,110,0,8,0,0.0003,65,17.2,17.18408607,324,6.0584251946125,53,0,8.870803148720368,0.18824333,20.26,-6.0584251946125,,
,,,,,7397,,,,109,0,8,0,0.0003,67,17.0,17.04941848,328,20.28767137428923,54,0,16.91334372832849,0.31341246,20.32,-20.28767137428923,,
,,,,,7484,,,,108,0,8,0,0.0003,68,17.1,17.10061315,332,6.899103728792555,56,0,9.044802549517264,0.2681578,20.5,-6.888766516772945,,
,,,,,7594,,,,107,0,9,0,0.0003,70,17.4,17.42633022,336,7.897883201785153,57,0,6.905722899309317,0.13541631,20.87,-7.897883201785153,,
,,,,,7675,,,,106,0,9,0,0.0003,72,17.4,17.42298047,340,18.156847254412224,59,0,19.972554563872897,0.279801,20.81,-18.156847254412224,,
,,,,,7752,,,,104,0,9,0,0.0003,73,17.6,17.575517520000002,344,2.040568404523226,60,0,3.330946900660134,0.14739095,21.03,-1.9561176372547981,,
,,,,,7834,,,,103,0,9,0,0.0003,75,17.3,17.25666712,348,4.333296437320932,62,0,4.122619743414447,0.2111237,21.11,-4.333296437320932,,
,,,,,7921,,,,102,0,9,0,0.0003,77,17.2,17.193018839999997,352,3.442049994179595,63,0,5.942215381976755,0.31178215,21.28,-1.4865968591513088,,
,,,,,7986,,,,103,0,9,0,0.0003,77,16.9,16.91513095,356,1.740399198461322,63,0,3.2096501842977894,0.18358937,21.04,-1.6487781208865007,,
,,,,,8044,,,,101,0,9,0,0.0003,79,16.8,16.78286638,360,10.654600432864118,65,0,14.423769061971914,0.16924392,20.8,-10.654600432864118,,
,,,,,8145,,,,100,0,9,0,0.0003,80,17.1,17.12244548,364,20.219610925456102,67,0,23.46574171435954,0.2862402,21.06,-20.219610925456102,,
,,,,,8292,,,,100,0,9,0,0.0003,82,18.1,18.066302020000002,368,3.9007359809549995,68,0,2.4488628497399123,0.10151576,21.82,-3.9007359809549995,,
,,,,,8353,,,,98,0,9,0,0.0003,84,18.1,18.077942110000002,372,3.227936292553968,70,0,4.915673627603105,0.1064315,21.65,-3.2071092028846944,,
,,,,,8419,,,,97,0,9,0,0.0003,86,17.4,17.352009270000003,376,3.073392818879035,72,0,6.36087762320589,0.116991736,21.31,-3.072671001144994,,
,,,,,8488,,,,98,0,10,0,0.0003,86,17.4,17.37888313,380,4.516591319510648,72,0,7.468583199166338,0.3537533,21.09,-4.5092860071319105,,
,,,,,8579,,,,97,0,10,0,0.0003,88,16.6,16.60280375,384,3.730304698091153,73,0,3.8986003939714577,0.316574,20.81,-3.6960312303600475,,
,,,,,8646,,,,95,0,10,0,0.0003,90,16.3,16.34305971,388,3.7456422324511216,75,0,4.460765405533838,0.24649672,20.73,-3.7456422324511216,,
,,,,,8711,,,,94,0,10,0,0.0003,92,16.2,16.17787985,392,4.01762418423642,77,0,6.411695706516471,0.2023974,20.6,-3.9789555820852702,,
,,,,,8857,,,,94,0,10,0,0.0003,94,16.8,16.81366764,396,23.19082761618475,79,0,13.775292249580716,0.25914794,21.09,-23.19082761618475,,
,,,,,8969,,,,93,0,10,0,0.0003,96,16.9,16.90484479,400,6.421763495322953,81,0,7.926948029211338,0.31303394,21.57,-6.3988483822899385,,
,,,,,9085,,,,92,0,10,0,0.0003,98,17.5,17.499823879999997,404,4.101945332183047,82,0,2.916742517728504,0.14214362,21.96,-4.101945332183047,,
,,,,,9183,,,,91,0,10,0,0.0003,100,17.6,17.590862039999998,408,5.116390740225825,84,0,8.376585013988597,0.34611976,22.21,-4.605566684008275,,
,,,,,9302,,,,89,0,10,0,0.0003,103,18.5,18.459071329999997,412,2.8475037833372983,88,0,3.5010070785191725,0.16627114,22.67,-2.19793929698364,,
,,,,,9368,,,,90,0,11,0,0.0003,103,18.5,18.525515990000002,416,3.9815428947173053,88,0,6.77157886499792,0.07798279,22.74,-3.9815428947173053,,
,,,,,9465,,,,89,0,11,0,0.0003,105,18.1,18.14565951,420,9.808082998716824,90,0,9.926469890683983,0.1878314,22.61,-9.808082998716824,,
,,,,,9545,,,,88,0,11,0,0.0003,108,18.2,18.20922885,424,5.904373887540158,92,0,8.399683495505172,0.20942098,22.62,-5.904373887540158,,
,,,,,9655,,,,87,0,11,0,0.0003,110,18.1,18.10123832,428,10.514473037851685,93,0,11.054060388434907,0.20043437,22.58,-10.514473037851685,,
,,,,,9729,,,,86,0,11,0,0.0003,112,18.0,18.04724298,432,4.45115994410838,95,0,4.704581004216681,0.24222422,22.45,-4.45115994410838,,
,,,,,9803,,,,85,0,11,0,0.0003,114,17.8,17.829104370000003,436,6.9372641507295825,97,0,9.807841607117469,0.35221347,22.09,-6.93008456825869,,
,,,,,9893,,,,86,0,11,0,0.0003,114,17.7,17.65882295,440,4.405504617829372,97,0,5.780376577870693,0.13673642,22.18,-4.401480331444786,,
,,,,,9985,,,,85,0,11,0,0.0003,116,17.8,17.7539475,444,5.363065250508293,99,0,4.59301430620789,0.29770502,22.33,-5.363065250508293,,
17.09090909090909,11.560060655390924,-1.4333786,0,-6.3807154573633005,10001,6.380716,12.326595181818181,13.2,,,,,,,,,,,,,,,,,,
,,,,,10039,,,,84,0,11,0,0.0003,118,17.7,17.650203670000003,448,2.5333364363569153,101,0,5.066946754201275,0.18779421,22.05,-2.5333364363569153,,
,,,,,10122,,,,83,0,11,0,0.0003,121,17.9,17.86043715,452,9.485114351830507,103,0,11.180396714636858,0.29346412,22.01,-9.485114351830507,,
,,,,,10222,,,,82,0,12,0,0.0003,123,18.5,18.530450010000003,456,7.06068909023481,105,0,5.451924556490246,0.26350555,22.36,-7.06068909023481,,
,,,,,10297,,,,83,0,12,1,0.0003,123,18.6,18.632922089999997,460,6.137113537932675,105,0,7.92133015466026,0.26516318,22.53,-6.137113537932675,,
,,,,,10377,,,,82,0,12,1,0.0003,125,18.5,18.501007580000003,464,10.883640505121024,107,0,10.855085940779947,0.28375277,22.32,-10.883640505121024,,
,,,,,10493,,,,82,0,12,1,0.0003,127,18.3,18.349850230000005,468,8.039911897511095,110,0,5.296478333693968,0.21960914,22.01,-8.039911897511095,,
,,,,,10554,,,,81,0,12,1,0.0003,130,18.2,18.24774962,472,3.5400592614957183,112,0,4.821397609272108,0.16571197,22.01,-3.5400592614957183,,
,,,,,10634,,,,80,0,12,1,0.0003,132,18.6,18.56355967,476,4.361158627688048,114,0,4.387612569299146,0.23947062,22.15,-4.361158627688048,,
,,,,,10704,,,,79,0,12,1,0.0003,134,18.5,18.53778586,480,3.733852698766119,116,0,7.712023214874588,0.32183573,22.16,-3.711812221542723,,
,,,,,10782,,,,79,0,12,1,0.0003,134,18.4,18.40544176,484,5.344795899425143,116,0,5.621235829284516,0.24799697,22.03,-5.344795899425143,,
,,,,,10859,,,,79,0,12,1,0.0003,137,18.6,18.642608889999998,488,4.136541068710021,118,0,5.15588112667841,0.28529045,22.13,-4.136541068710021,,
,,,,,10948,,,,78,0,12,1,0.0003,139,18.6,18.64589963,492,4.5905146112205575,120,0,4.22433882485006,0.21405168,22.37,-4.5905146112205575,,
,,,,,11100,,,,76,0,13,1,0.0003,144,18.7,18.66550246,496,3.838126423292642,125,0,3.338782562430658,0.23667425,22.43,-3.838126423292642,,
,,,,,11165,,,,77,0,13,1,0.0003,144,18.5,18.48703301,500,5.183653749229794,125,0,6.573503121657858,0.10389379,21.96,-5.183653749229794,,
,,,,,11220,,,,76,0,13,1,0.0003,146,17.8,17.834054000000002,504,3.9180960221838923,127,0,5.667737180684069,0.20519058,21.35,-3.9180960221838923,,
,,,,,11332,,,,75,0,13,1,0.0003,149,17.8,17.81025178,508,1.2906831506392986,130,0,3.309889633241364,0.2166793,21.49,-1.1775108738499116,,
,,,,,11406,,,,75,0,13,1,0.0003,151,17.3,17.331573510000002,512,4.4618055822375835,132,0,4.970043378616251,0.29261392,21.04,-4.4618055822375835,,
,,,,,11516,,,,74,0,13,1,0.0003,154,17.4,17.37702794,516,4.177045369047563,134,0,5.220256019137125,0.1409349,21.48,-4.177045369047563,,
,,,,,11609,,,,74,0,13,1,0.0003,156,17.3,17.26185694,520,11.790066881148864,137,0,10.813890047506561,0.13532643,21.44,-11.790066881148864,,
,,,,,11696,,,,74,0,13,1,0.0003,156,17.2,17.1724873,524,3.143051541979109,137,0,6.331469066617906,0.18358374,21.51,-3.07555658902371,,
,,,,,11751,,,,73,0,13,1,0.0003,159,16.7,16.68601,528,4.141342750571564,139,0,5.801447397318381,0.14788334,20.96,-4.141342750571564,,
,,,,,11862,,,,73,0,13,1,0.0003,161,16.9,16.88243407,532,2.2709394376707226,141,0,2.857660345974657,0.11717942,21.33,-2.2138309554421696,,
,,,,,11981,,,,72,0,14,1,0.0003,164,17.5,17.45024202,536,35.58494133976418,144,0,32.15831054943638,0.32533705,21.78,-35.58494133976418,,
,,,,,12052,,,,72,0,14,1,0.0003,166,17.3,17.3428878,540,7.802879708778318,146,0,8.39715296363953,0.061186083,21.59,-7.802879708778318,,
,,,,,12155,,,,71,0,14,1,0.0003,169,17.7,17.683171490000003,544,4.295075483261997,149,0,3.4187912591147183,0.19178905,21.7,-4.295075483261997,,
,,,,,12219,,,,70,0,14,1,0.0003,172,17.8,17.787895320000004,548,3.444803954255819,151,0,3.964997617849316,0.20425618,21.8,-3.444803954255819,,
,,,,,12284,,,,71,0,14,1,0.0003,172,17.7,17.675099650000003,552,4.802813695308937,151,0,5.927709553217611,0.24728557,21.62,-4.802813695308937,,
,,,,,12363,,,,70,0,14,1,0.0003,174,17.2,17.204294,556,5.628131517639105,154,0,6.349573255003945,0.26949552,21.41,-5.628131517639105,,
,,,,,12445,,,,70,0,14,1,0.0003,177,17.5,17.5207109,560,1.2131391308470296,156,0,2.2840629558996577,0.124873795,21.48,-0.747676834061511,,
,,,,,12508,,,,69,0,14,1,0.0003,180,17.4,17.398936550000002,564,3.2725308062383056,159,0,4.5262923764042124,0.20083547,21.31,-3.2725308062383056,,
,,,,,12631,,,,69,0,14,1,0.0003,182,17.6,17.629490549999996,568,3.429858737287791,161,0,2.4584819251618955,0.23656571,21.38,-3.429858737287791,,
,,,,,12696,,,,69,0,14,1,0.0003,182,17.8,17.78417885,572,5.386804902645279,161,0,6.4403920611941965,0.24012344,21.42,-5.386804902645279,,
,,,,,12806,,,,67,0,14,1,0.0003,188,18.1,18.06102659,576,16.096950891388413,166,0,11.88703729299925,0.222957,21.72,-16.096950891388413,,
,,,,,12891,,,,68,0,15,1,0.0003,188,18.3,18.31369895,580,4.387675463662732,166,0,4.623380227605283,0.23483342,21.87,-4.387675463662732,,
,,,,,12972,,,,67,0,15,1,0.0003,191,18.3,18.267993689999997,584,2.4700387884394615,169,0,4.82420483042065,0.1940267,21.9,-2.3140834888473236,,
,,,,,13028,,,,67,0,15,1,0.0003,193,17.9,17.872890180000002,588,3.1958164138988505,172,0,5.691743397495558,0.08672494,21.69,-3.19437442271359,,
,,,,,13095,,,,67,0,15,1,0.0003,194,17.9,17.88357166,592,3.8027455697410213,172,0,4.165601642434584,0.24635431,21.47,-3.8027455697410213,,
,,,,,13179,,,,66,0,15,1,0.0003,196,17.2,17.24886202,596,10.68283912804411,174,0,9.915844178785141,0.10969516,20.79,-10.68283912804411,,
,,,,,13263,,,,66,0,15,1,0.0003,199,17.3,17.332778079999997,600,3.8984486962622675,177,0,3.700836279726261,0.16389862,20.98,-3.8984486962622675,,
,,,,,13355,,,,65,0,15,1,0.0003,202,17.4,17.430961479999997,604,3.70590709334355,180,0,5.039826140869544,0.3417723,21.35,-3.70590709334355,,
,,,,,13432,,,,65,0,15,1,0.0003,205,17.3,17.34334188,608,3.288338344028376,182,0,5.541574350556793,0.27858266,21.0,-2.938803304930594,,
,,,,,13498,,,,65,0,15,1,0.0003,205,17.2,17.152809,612,8.199335749501957,182,0,11.515293027235844,0.21622673,20.92,-8.199335749501957,,
,,,,,13593,,,,65,0,15,1,0.0003,208,17.6,17.584662989999998,616,3.555941286891163,185,0,6.513128562609713,0.30166426,20.77,-3.346903217376093,,
,,,,,13671,,,,64,0,15,1,0.0003,211,17.6,17.58403443,620,19.334807049648834,188,0,22.39466628980926,0.21068096,20.62,-19.334807049648834,,
,,,,,13775,,,,64,0,16,1,0.0003,214,18.1,18.07207042,624,13.443901397265883,191,0,12.586465932591773,0.24456514,20.79,-13.443901397265883,,
,,,,,13864,,,,63,0,16,1,0.0003,216,18.3,18.291833729999997,628,2.079547908666766,193,0,2.8254944401496704,0.22996718,21.13,-2.0586538980756792,,
,,,,,13964,,,,63,0,16,1,0.0003,219,18.4,18.363927169999997,632,19.3559602405316,196,0,16.137734016021405,0.11746253,21.02,-19.3559602405316,,
,,,,,14067,,,,63,0,16,1,0.0003,222,17.9,17.92590052,636,4.514756447059663,199,0,5.212469416498795,0.22194585,20.86,-4.49472902944112,,
,,,,,14206,,,,62,0,16,1,0.0003,228,18.9,18.8910053,640,45.372505233622604,205,0,30.747478195096562,0.23902045,21.54,-45.372505233622604,,
,,,,,14289,,,,62,0,16,1,0.0003,228,18.5,18.54506326,644,2.2855250112802765,205,0,4.191536041662466,0.23857297,21.34,-1.382127735431044,,
,,,,,14369,,,,61,0,16,1,0.0003,231,18.5,18.49505276,648,9.851661331234775,208,0,11.270736667038063,0.18139912,21.5,-9.851661331234775,,
,,,,,14454,,,,61,0,16,1,0.0003,234,18.4,18.4302491,652,2.4618314146175884,210,0,4.4272270753417695,0.25098014,21.7,-2.209621131045302,,
,,,,,14566,,,,61,0,16,1,0.0003,237,18.6,18.582995930000003,656,5.336424252909636,213,0,6.271120179390918,0.35463467,22.03,-5.17860925780718,,
,,,,,14648,,,,60,0,16,1,0.0003,240,18.2,18.23737803,660,3.190680946140776,216,0,2.9735004150144233,0.20660704,22.03,-3.190680946140776,,
,,,,,14737,,,,60,0,17,1,0.0003,244,18.3,18.275551510000003,664,8.417665893924026,219,0,7.634962325090886,0.13677698,22.29,-8.417665893924026,,
,,,,,14881,,,,60,0,17,1,0.0003,247,18.4,18.40871695,668,3.806573123882081,222,0,2.4437139799417844,0.06785908,22.5,-3.806573123882081,,
,,,,,14971,,,,59,0,17,1,0.0003,250,18.4,18.438333469999996,672,12.150138198010264,225,0,11.332657928702394,0.11296644,22.75,-12.150138198010264,,
,,,,,15051,,,,59,0,17,1,0.0003,253,17.9,17.90564152,676,7.396749344251558,228,0,11.023621194387651,0.3018294,22.45,-7.340346717131424,,
,,,,,15161,,,,59,0,17,1,0.0003,256,18.5,18.497275579999997,680,4.745319885851243,231,0,3.4131847891302125,0.32493773,22.7,-4.745319885851243,,
,,,,,15243,,,,58,0,17,1,0.0003,259,18.5,18.487448319999995,684,9.10224579469326,234,0,8.442285319640073,0.08854428,22.71,-9.10224579469326,,
,,,,,15333,,,,58,0,17,1,0.0003,262,19.0,19.04259685,688,4.225691866873661,237,0,5.532149463850108,0.21311867,23.05,-4.215650272821321,,
,,,,,15404,,,,57,0,17,1,0.0003,265,19.0,19.019365309999998,692,5.4534908317390585,240,0,6.143151849847573,0.25280622,23.09,-5.4534908317390585,,
,,,,,15482,,,,58,0,17,1,0.0003,266,18.9,18.86817297,696,4.0615718478085405,240,0,5.1650703348272,0.19555388,23.03,-4.0615718478085405,,
,,,,,15599,,,,57,0,18,1,0.0003,269,19.5,19.45534017,700,3.628149046165611,243,0,3.0039607410401024,0.16020359,23.36,-3.628149046165611,,
,,,,,15666,,,,57,0,18,1,0.0003,272,19.5,19.46135248,704,8.220912797295846,246,0,8.30672780585684,0.24861257,23.11,-8.220912797295846,,
,,,,,15748,,,,57,0,18,1,0.0003,275,19.4,19.36199765,708,10.593260898959695,249,0,11.109641204143951,0.14480896,23.16,-10.593260898959695,,
,,,,,15854,,,,56,0,18,1,0.0003,278,20.2,20.15931963,712,41.61134547892731,252,0,36.99070407490981,0.38184172,23.56,-41.61134547892731,,
,,,,,15943,,,,56,0,18,1,0.0003,282,20.1,20.138089679999997,716,23.05637395056594,256,0,22.712120688972245,0.1943111,23.5,-23.05637395056594,,
,,,,,16071,,,,56,0,18,1,0.0003,285,21.1,21.08297532,720,4.893985405269124,259,0,3.5647693889549052,0.05779696,24.0,-4.893985405269124,,
,,,,,16224,,,,55,0,18,1,0.0003,292,21.4,21.437850150000003,724,3.785183069598861,265,0,2.4253791569840817,0.18539804,24.49,-3.785183069598861,,
,,,,,16319,,,,55,0,18,1,0.0003,295,21.5,21.50664834,728,3.858424196729234,268,0,5.975084970836997,0.31330097,24.55,-1.1026997426104514,,
,,,,,16404,,,,54,0,18,1,0.0003,299,21.4,21.41849323,732,14.332010893733884,272,0,19.780759546121175,0.12575513,24.4,-14.332010893733884,,
,,,,,16492,,,,55,0,19,1,0.0003,299,21.3,21.30953316,736,5.238141135540449,272,0,5.657883883154178,0.25153542,24.25,-5.238141135540449,,
,,,,,16563,,,,54,0,19,1,0.0003,302,20.4,20.43630022,740,7.872603585246024,275,0,8.705949996102229,0.16614778,23.57,-7.872603585246024,,
,,,,,16691,,,,54,0,19,1,0.0003,306,20.9,20.91766089,744,3.1728997930239666,278,0,4.702515466914286,0.368833,24.02,-2.7283229368677824,,
,,,,,16759,,,,54,0,19,1,0.0003,309,21.0,20.96207916,748,6.528311097442489,282,0,9.970619349229866,0.037860114,23.9,-6.528311097442489,,
,,,,,16828,,,,53,0,19,1,0.0003,313,21.0,21.046503199999997,752,4.416113694966373,285,0,4.933395443875313,0.20927319,23.74,-4.416113694966373,,
,,,,,16903,,,,53,0,19,1,0.0003,316,20.8,20.846293369999998,756,5.335807671602405,288,0,6.0723099892881915,0.09118253,23.37,-5.335807671602405,,
,,,,,16987,,,,53,0,19,1,0.0003,316,21.0,20.98913095,760,2.786778497202044,288,0,3.356996298886119,0.22019607,23.39,-2.786778497202044,,
,,,,,17063,,,,53,0,19,1,0.0003,320,20.8,20.770001719999996,764,3.5970203398146268,292,0,5.376923440742222,0.13013238,23.26,-3.5970203398146268,,
,,,,,17179,,,,53,0,19,1,0.0003,323,20.2,20.21989695,768,28.4711699021642,295,0,26.490210346215658,0.2798861,22.98,-28.4711699021642,,
,,,,,17257,,,,52,0,19,1,0.0003,327,20.1,20.05034938,772,2.767831875516561,299,0,5.40482813573125,0.33620515,22.86,-2.3206754844113644,,
,,,,,17382,,,,52,0,20,1,0.0003,330,20.5,20.46072221,776,3.5135317562843955,302,0,2.2027811440272087,0.22463587,23.31,-3.5135317562843955,,
,,,,,17490,,,,52,0,20,1,0.0003,334,20.1,20.09547306,780,5.071981511253973,305,0,4.723339433139756,0.062099166,23.29,-5.071981511253973,,
,,,,,17565,,,,51,0,20,1,0.0003,338,20.2,20.227313480000007,784,6.086662941059585,309,0,7.23987789358201,0.19609053,23.22,-6.086662941059585,,
,,,,,17645,,,,51,0,20,1,0.0003,341,19.9,19.87983368,788,5.080148567872323,312,0,6.638699740856139,0.25406918,23.12,-5.045028063204944,,
,,,,,17713,,,,51,0,20,1,0.0003,345,19.9,19.9285581,792,4.554780563973164,316,0,5.602088660030677,0.3055966,23.09,-4.530229054645452,,
,,,,,17816,,,,51,0,20,1,0.0003,348,20.2,20.216728840000002,796,18.582423235190134,319,0,22.064749474736818,0.23674864,23.34,-18.582423235190134,,
,,,,,17882,,,,51,0,20,1,0.0003,348,19.7,19.686822770000003,800,3.4179134659129033,319,0,4.604087697097607,0.12219394,22.83,-3.4179134659129033,,
,,,,,17942,,,,50,0,20,1,0.0003,352,19.5,19.45065275,804,3.50918718094184,323,0,6.772644250188744,0.31841823,22.76,-3.452355898099294,,
,,,,,18040,,,,50,0,20,1,0.0003,356,19.5,19.529611329999998,808,10.367810980799753,327,0,11.874322391151596,0.21024291,22.92,-10.367810980799753,,
,,,,,18161,,,,50,0,20,1,0.0003,360,19.2,19.21518377,812,5.0520689759443655,330,0,4.1544234462981215,0.38560432,23.07,-5.0520689759443655,,
,,,,,18281,,,,50,0,21,1,0.0003,364,19.2,19.186029630000004,816,15.31135586268343,334,0,13.76391631905333,0.20486283,23.38,-15.31135586268343,,
,,,,,18388,,,,49,0,21,1,0.0003,367,18.4,18.35420484,820,9.583325248264892,337,0,7.187607885597683,0.25095007,23.17,-9.583325248264892,,
,,,,,18475,,,,49,0,21,1,0.0003,371,17.8,17.82686862,824,4.282492986431534,341,0,3.9594841843017354,0.21311788,22.51,-4.282492986431534,,
,,,,,18564,,,,49,0,21,1,0.0003,375,17.7,17.688593900000004,828,6.60479688047234,345,0,7.189170995600948,0.3444207,22.45,-6.60479688047234,,
,,,,,18670,,,,49,0,21,1,0.0003,379,17.8,17.807733980000002,832,4.39733970584135,348,0,4.642971165530279,0.33443376,22.66,-4.313751659627732,,
,,,,,18743,,,,48,0,21,1,0.0003,383,17.8,17.78771812,836,4.052784242331874,352,0,4.945006663736948,0.37544236,22.51,-4.052784242331874,,
,,,,,18875,,,,48,0,21,1,0.0003,387,18.1,18.12620908,840,7.491862990708944,356,0,5.045742331207097,0.019131435,23.12,-7.491862990708944,,
,,,,,18948,,,,48,0,21,1,0.0003,391,17.4,17.43247395,844,5.906361962933895,360,0,7.209056340417678,0.21149597,22.57,-5.906361962933895,,
,,,,,19017,,,,48,0,21,1,0.0003,394,17.6,17.55703149,848,7.482468527835213,363,0,8.939016846724748,0.14127444,22.58,-7.482468527835213,,
,,,,,19188,,,,48,0,22,1,0.0003,398,19.3,19.32193563,852,3.704668492590552,367,0,2.453020994808501,0.2719157,23.6,-3.6809726284515847,,
,,,,,19266,,,,47,0,22,1,0.0003,402,19.2,19.23686316,856,6.7497029133282185,371,0,7.503250366326897,0.24923894,23.63,-6.7497029133282185,,
,,,,,19368,,,,47,0,22,1,0.0003,406,19.6,19.62542262,860,8.02109556481453,375,0,7.52123884015104,0.15845922,23.81,-8.02109556481453,,
,,,,,19457,,,,47,0,22,1,0.0003,410,20.1,20.121314709999996,864,3.9278190886019675,379,0,4.529901767338904,0.30714446,23.94,-3.9277687321107635,,
,,,,,19557,,,,47,0,22,1,0.0003,414,19.8,19.838173759999997,868,16.13547089751851,383,0,13.051909972009911,0.11627985,23.78,-16.13547089751851,,
,,,,,19629,,,,46,0,22,1,0.0003,418,19.8,19.80107952,872,4.484983265678022,386,0,5.2999627058573315,0.20084694,23.72,-4.484983265678022,,
,,,,,19709,,,,46,0,22,1,0.0003,422,19.7,19.70379661,876,2.229762925202159,390,0,2.800756226090103,0.15542637,23.27,-2.1749924635442204,,
,,,,,19825,,,,46,0,22,1,0.0003,427,19.8,19.76455342,880,4.518572659941214,394,0,3.419676573843199,0.3148241,23.35,-4.518572659941214,,
,,,,,19895,,,,46,0,22,1,0.0003,427,19.6,19.57517797,884,3.864174120369092,394,0,6.863170059642341,0.20716533,23.3,-3.75702992886873,,
17.09090909090909,11.771322305693438,-1.4340314,0,-6.550950193841195,20001,6.5509505,12.568979818181818,13.0,,,,,,,,,,,,,,,,,,
,,,,,20023,,,,45,0,22,1,0.0003,435,20.2,20.152711330000002,888,12.481604397365643,402,0,9.737996286588174,0.22727326,23.78,-12.481604397365643,,
,,,,,20092,,,,46,0,23,1,0.0003,435,20.1,20.09014995,892,3.9441358013156544,402,0,5.771425700859668,0.31411362,23.79,-3.9441358013156544,,
,,,,,20215,,,,45,0,23,1,0.0003,443,20.3,20.33546765,896,6.382103330576798,410,0,4.986925927889335,0.38650033,23.99,-6.382103330576798,,
,,,,,20282,,,,45,0,23,1,0.0003,444,20.3,20.25560711,900,12.870209181749637,410,0,14.833850368549244,0.2622222,24.0,-12.870209181749637,,
,,,,,20393,,,,45,0,23,1,0.0003,448,20.9,20.90214181,904,4.140558043148608,414,0,3.1151152681350864,0.10283234,24.51,-4.140558043148608,,
,,,,,20464,,,,45,0,23,1,0.0003,452,20.9,20.860751929999996,908,5.382671744041947,418,0,5.701035331146784,0.27624437,24.24,-5.382671744041947,,
,,,,,20538,,,,44,0,23,1,0.0003,456,20.3,20.34986566,912,11.297357900253205,423,0,13.684928085183781,0.28913972,23.77,-11.297357900253205,,
,,,,,20633,,,,44,0,23,2,0.0003,460,20.3,20.333194379999995,916,4.261074476665437,427,0,4.628281272046038,0.225949,23.52,-4.251962006688196,,
,,,,,20709,,,,44,0,23,2,0.0003,465,20.0,19.95825391,920,2.4681617544238104,431,0,5.11708240439989,0.314401,23.21,-0.9373645807920982,,
,,,,,20763,,,,44,0,23,2,0.0003,465,19.6,19.55195853,924,3.8288172454439477,431,0,5.540409109370579,0.024907863,22.88,-3.8288172454439477,,
,,,,,20856,,,,44,0,23,2,0.0003,469,20.1,20.121124959999996,928,4.174157770946935,435,0,3.7316122245039134,0.16028403,22.92,-4.174157770946935,,
,,,,,20940,,,,44,0,23,2,0.0003,473,19.8,19.794255699999997,932,2.542351594986311,439,0,4.714800019099989,0.25731865,22.7,-2.0311082580142945,,
,,,,,21024,,,,43,0,24,2,0.0003,478,20.0,19.979924609999998,936,11.331260898953381,443,0,11.757198647457546,0.18356133,22.81,-11.331260898953381,,
,,,,,21098,,,,44,0,24,2,0.0003,478,19.5,19.522574799999997,940,11.364984457107962,443,0,14.480748884741377,0.28657237,22.23,-11.364984457107962,,
,,,,,21197,,,,43,0,24,2,0.0003,482,20.2,20.15914612,944,4.585257875180195,447,0,4.483565518977918,0.25307024,22.49,-4.5834037133098295,,
,,,,,21293,,,,43,0,24,2,0.0003,486,20.3,20.253150220000002,948,3.4934688108050316,452,0,3.431025250201691,0.1566375,22.76,-3.4934688108050316,,
,,,,,21373,,,,43,0,24,2,0.0003,491,18.5,18.48438389,952,4.460776757678013,456,0,6.191001927163579,0.34709156,21.85,-4.460776757678013,,
,,,,,21445,,,,43,0,24,2,0.0003,495,18.4,18.44999605,956,2.1813715721600464,460,0,3.4640817991424044,0.19123666,21.79,-2.073556545151363,,
,,,,,21537,,,,43,0,24,2,0.0003,500,18.2,18.229368440000002,960,20.058513050717387,464,0,19.751179499318933,0.29084048,21.69,-20.058513050717387,,
,,,,,21600,,,,42,0,24,2,0.0003,504,17.9,17.86555609,964,4.821126179174392,469,0,6.343340431785568,0.25839514,21.43,-4.801719185309264,,
,,,,,21704,,,,42,0,24,2,0.0003,509,18.2,18.168374449999998,968,14.69952125540054,473,0,12.06949305188895,0.22800295,21.47,-14.69952125540054,,
,,,,,21763,,,,42,0,24,2,0.0003,509,18.3,18.288138090000004,972,3.7443103193731244,473,0,5.358466004860977,0.2785211,21.34,-3.7443103193731244,,
,,,,,21827,,,,42,0,24,2,0.0003,513,17.9,17.90683007,976,4.222132777206254,477,0,8.082609506638672,0.349457,21.18,-4.082159642158072,,
,,,,,21921,,,,42,0,25,2,0.0003,518,17.5,17.512755109999997,980,5.266276635133388,482,0,4.702801130137964,0.20108539,20.96,-5.266276635133388,,
,,,,,21993,,,,42,0,25,2,0.0003,518,17.6,17.56821062,984,5.230981711063163,482,0,5.957117172145917,0.19089392,20.98,-5.230981711063163,,
,,,,,22107,,,,41,0,25,2,0.0003,527,17.5,17.49253566,988,5.00381852081904,491,0,6.852851771767752,0.30550167,20.84,-4.822868982103139,,
,,,,,22205,,,,41,0,25,2,0.0003,532,17.6,17.588709360000003,992,8.246674249508663,495,0,8.287163440544273,0.3395691,21.13,-8.246674249508663,,
,,,,,22276,,,,41,0,25,2,0.0003,532,17.0,16.97665957,996,6.7468146876127735,495,0,7.859142569590956,0.10780571,20.61,-6.7468146876127735,,
,,,,,22377,,,,41,0,25,2,0.0003,536,17.3,17.29700836,1000,4.117638016923143,500,0,3.9012102464949714,0.20046194,20.95,-4.112694288560523,,
,,,,,22462,,,,41,0,25,2,0.0003,541,16.9,16.86192505,1004,5.437254991291729,504,0,8.114810851539035,0.23763801,20.69,-5.369821514590444,,
,,,,,22559,,,,41,0,25,2,0.0003,545,16.9,16.93191212,1008,7.016502193742137,509,0,5.5613494482522405,0.002093501,20.95,-7.016502193742137,,
,,,,,22645,,,,41,0,25,2,0.0003,550,16.9,16.85676955,1012,2.7301510716278696,513,0,3.8219822836682242,0.2818611,21.07,0.9791122425799055,,
,,,,,22747,,,,40,0,26,2,0.0003,555,16.8,16.82602915,1016,6.118889962365939,518,0,5.271627932759826,0.16277036,21.14,-6.118889962365939,,
,,,,,22836,,,,40,0,26,2,0.0003,560,17.1,17.14516548,1020,11.332210707380247,522,0,11.18225352880861,0.26919678,21.27,-11.332210707380247,,
,,,,,22921,,,,40,0,26,2,0.0003,564,17.5,17.495018209999998,1024,5.5036235952334085,527,0,5.862968253590628,0.15567143,21.58,-5.5036235952334085,,
,,,,,23002,,,,40,0,26,2,0.0003,569,17.0,16.969002680000003,1028,6.0833802836766475,531,0,5.871131905682968,0.21880582,21.46,-6.0833802836766475,,
,,,,,23080,,,,40,0,26,2,0.0003,569,16.9,16.9412875,1032,2.610720082173957,531,0,3.482530883373534,0.23789765,21.4,-2.610720082173957,,
,,,,,23143,,,,40,0,26,2,0.0003,574,16.6,16.60491464,1036,5.4442167981189336,536,0,7.7804041851763355,0.116339415,21.19,-5.4442167981189336,,
,,,,,23205,,,,40,0,26,2,0.0003,578,16.5,16.51533726,1040,4.275930643732574,541,0,6.004839667939442,0.28435686,21.07,-4.275930643732574,,
,,,,,23292,,,,40,0,26,2,0.0003,578,16.1,16.134082789999997,1044,5.623126046635011,541,0,8.22884539716196,0.35768273,20.95,-5.551522432446274,,
,,,,,23369,,,,40,0,26,2,0.0003,583,16.0,16.0386198,1048,5.155086050265417,545,0,7.096159045226726,0.27728468,20.76,-5.11848868032516,,
,,,,,23462,,,,39,0,26,2,0.0003,588,16.2,16.2247678,1052,4.466828482794116,550,0,4.469001289808513,0.28099963,20.89,-4.466828482794116,,
,,,,,23555,,,,39,0,26,2,0.0003,593,16.7,16.702753259999998,1056,26.87000509819748,555,0,25.464508204200342,0.25012064,21.1,-26.87000509819748,,
,,,,,23662,,,,39,0,27,2,0.0003,598,16.9,16.93836262,1060,32.38557202252406,559,0,28.959089631362968,0.21428382,21.25,-32.38557202252406,,
,,,,,23734,,,,39,0,27,2,0.0003,602,17.0,17.03124985,1064,6.57058072380817,564,0,8.243573626996875,0.07361458,21.34,-6.57058072380817,,
,,,,,23838,,,,39,0,27,2,0.0003,607,16.8,16.76600117,1068,5.230629197934651,569,0,4.509513135411022,0.3028222,21.34,-5.223198017988502,,
,,,,,23924,,,,39,0,27,2,0.0003,612,16.8,16.76854486,1072,2.4593096882453658,573,0,4.895079728115022,0.23394872,21.61,-2.2579278004765153,,
,,,,,23981,,,,39,0,27,2,0.0003,612,16.8,16.79201629,1076,5.057204791100989,573,0,6.574419778582552,0.23532377,21.54,-5.057204791100989,,
,,,,,24072,,,,38,0,27,2,0.0003,617,17.0,17.039964399999995,1080,17.309258416529804,578,0,14.739595921784705,0.28216755,21.51,-17.309258416529804,,
,,,,,24127,,,,38,0,27,2,0.0003,622,17.0,16.959782169999997,1084,3.3477793559213787,583,0,5.068620702675383,0.22003622,21.34,-3.3213223203438944,,
,,,,,24216,,,,38,0,27,2,0.0003,627,16.7,16.70763196,1088,3.8773674919520675,588,0,3.9073610806759813,0.061288416,21.09,-3.8773674919520675,,
,,,,,24294,,,,38,0,27,2,0.0003,627,16.8,16.797201870000002,1092,5.671002326643923,588,0,6.416357645460605,0.2476012,20.89,-5.671002326643923,,
,,,,,24393,,,,38,0,27,2,0.0003,632,17.1,17.05280872,1096,8.042731432124691,593,0,8.861257239176766,0.21803574,21.17,-8.042731432124691,,
,,,,,24485,,,,38,0,27,2,0.0003,637,17.0,16.957294960000002,1100,2.03654466402401,597,0,3.7124113263090073,0.259505,21.08,-1.6447119928433875,,
,,,,,24574,,,,38,0,28,2,0.0003,642,17.1,17.0767657,1104,3.3313657536078716,602,0,3.5730731101781306,0.18382744,21.12,-3.3313657536078716,,
,,,,,24679,,,,38,0,28,2,0.0003,647,17.2,17.20665229,1108,8.642287461882162,607,0,6.482019677093384,0.2571379,21.2,-8.642287461882162,,
,,,,,24801,,,,37,0,28,2,0.0003,657,17.8,17.845468920000002,1112,12.38789791375173,617,0,8.693911671166305,0.26671237,21.56,-12.38789791375173,,
,,,,,24924,,,,37,0,28,2,0.0003,662,18.5,18.50704531,1116,31.756430805090403,622,0,28.225551770409318,0.24291421,21.77,-31.756430805090403,,
,,,,,25026,,,,36,14,28,2,0.0003,682,18.8,18.767334310000003,1120,26.086088566633595,627,200,21.474955364174086,0.39268714,21.9,-26.086088566633595,104.4079,29.117443
,,,,,25118,,,,35,25,28,2,0.0003,699,19.6,19.61124659,1124,14.599704732205215,632,400,17.66232059803019,11.289703,21.97,-10.588929751429095,95.919235,36.0254
,,,,,25207,,,,35,37,28,2,0.0003,715,20.6,20.5733753,1128,13.679700047145163,637,600,17.67132933415909,16.140348,22.05,-5.091406988045683,88.6657,47.733578
,,,,,25300,,,,34,48,28,2,0.0003,732,21.6,21.649812269999998,1132,9.970291338947366,642,800,18.318369059857663,21.536674,22.2,-0.7276117315092309,82.67418,64.51398
,,,,,25392,,,,34,48,28,2,0.0003,732,22.8,22.754767440000002,1136,10.026674624617518,642,800,17.76874057470075,28.420853,22.49,6.69121400104878,,
,,,,,25592,,,,33,71,29,2,0.0003,766,25.9,25.86543245,1140,15.824277748352475,652,1200,13.749060628625278,40.792595,23.87,2.8383629479578487,76.42139,137.82309
,,,,,25789,,,,32,95,29,2,0.0003,800,28.7,28.670733630000004,1144,18.58858611026655,662,1600,14.643986320177685,53.997845,24.97,14.31875648838096,67.855125,227.68736
,,,,,26083,,,,30,129,29,3,0.0003,850,33.7,33.721933119999996,1148,47.104851644599385,678,2200,27.119917936405447,68.77423,27.14,-34.28126913713277,60.80612,332.78604
,,,,,26550,,,,28,186,30,3,0.0003,934,42.3,42.27745481000001,1152,28.083233151249352,704,3200,3.2287895827624236,92.602005,30.88,3.602361637503993,63.921707,710.6472
,,,,,26683,,,,28,198,30,3,0.0003,951,43.5,43.54689066,1156,75.85736059833917,709,3400,12.994350202346507,96.93107,31.28,75.85736059833917,66.2307,805.2944
,,,,,27270,,,,25,267,31,3,0.0003,1053,56.9,56.90341301000002,1160,47.57092858145901,741,4600,2.7852694964309177,127.3692,36.08,-26.980452590140462,68.1675,1053.016
,,,,,27736,,,,24,324,31,3,0.0003,1139,67.7,67.65495359,1164,68.090994290318,768,5600,3.2388749557877166,162.74516,40.02,68.090994290318,76.93447,1503.3578
,,,,,28088,,,,23,359,31,4,0.0003,1190,73.7,73.65901714,1168,108.4656613596687,784,6200,7.976111844754293,180.93417,42.5,108.4656613596687,90.88229,1813.2736
,,,,,28532,,,,22,417,32,4,0.0003,1276,83.3,83.29625814,1172,106.4655594609258,811,7200,3.6199633371178264,197.05865,46.08,106.4655594609258,99.267,2690.1868
,,,,,28887,,,,21,451,32,4,0.0003,1328,89.9,89.88757899000001,1176,134.3881959235865,828,7800,7.352700195747761,206.08296,49.06,134.3881959235865,112.74371,2814.5283
,,,,,29474,,,,20,521,33,4,0.0003,1432,105.7,105.72650514000001,1180,71.93367641870222,862,9000,1.6200540843092217,198.78246,54.02,71.93367641870222,138.26602,3484.3372
139.1818181818182,172.67352191501007,209.79654,2,72.62443581265485,30001,74.73222,361.8841005454546,94.2,,,,,,,,,,,,,,,,,,
,,,,,30165,,,,19,601,34,5,0.0003,1556,125.6,125.62461130000001,1184,84.01471735859997,902,10400,0.6650288105330342,221.70584,60.38,83.41244511445846,166.80145,4739.7705
,,,,,30693,,,,18,659,34,5,0.0003,1644,138.4,138.40523727,1188,113.55179680340453,931,11400,2.3267534262013094,232.62502,64.77,113.55179680340453,151.35294,5117.946
,,,,,31207,,,,17,728,35,5,0.0003,1749,151.6,151.55769183,1192,90.74173545807403,966,12600,3.704542025683266,228.91177,69.13,89.99090810111609,148.60939,5911.436
,,,,,31742,,,,17,785,35,6,0.0003,1838,164.6,164.63707110000004,1196,186.90089575055748,996,13600,1.2105870457632977,261.8056,73.49,186.90089575055748,151.89317,6265.5493
,,,,,32389,,,,16,854,36,6,0.0003,1944,180.9,180.9239671,1200,104.1189981076015,1032,14800,0.9442053275345392,244.7474,79.04,103.8818266985352,147.08241,7270.172
,,,,,32880,,,,16,912,37,6,0.0003,2034,193.1,193.07805083,1204,144.1565068801126,1064,15800,3.895373628003953,252.26447,83.06,144.1565068801126,132.326,6623.3013
,,,,,33477,,,,15,981,37,7,0.0003,2142,206.2,206.16913147000002,1208,104.0668871794729,1102,17000,4.977543816537758,283.17084,87.98,104.0668871794729,144.29135,6821.32
,,,,,34055,,,,15,1050,38,7,0.0003,2251,221.3,221.2955324,1212,120.62126992217571,1140,18200,1.9045315144602546,257.70203,92.54,118.72962780828617,154.22302,7861.9136
,,,,,34790,,,,14,1131,39,7,0.0003,2378,237.2,237.21947903000003,1216,149.55384598306395,1185,19600,1.306732990142486,279.43817,98.66,149.55384598306395,195.58466,8732.117
,,,,,35463,,,,14,1212,40,8,0.0003,2507,255.9,255.8527836,1220,90.04483314434519,1231,21000,1.0098567829145673,238.74367,104.37,84.14681362191006,150.31458,7119.0967
,,,,,35919,,,,13,1270,40,8,0.0003,2598,265.0,265.02354678,1224,171.44062190675137,1264,22000,4.018879626108488,256.1675,108.01,171.44062190675137,147.53065,7084.4155
,,,,,36532,,,,13,1339,41,8,0.0003,2709,280.0,279.98600087000005,1228,111.38331524421876,1305,23200,3.3214401071321493,283.53143,113.25,111.38331524421876,148.82465,8388.415
,,,,,37548,,,,12,1454,42,9,0.0003,2895,303.5,303.52722488000006,1232,111.49976011564378,1373,25200,0.056221155044012754,261.73975,122.48,111.49976011564378,151.35118,6728.0005
,,,,,38270,,,,12,1534,43,9,0.0003,3025,320.5,320.47037778000004,1236,90.50057950845387,1422,26600,0.5773625923937005,243.01375,128.78,89.62159689444286,163.28009,7638.7305
,,,,,39277,,,,12,1648,44,10,0.0003,3212,343.9,343.88088304000007,1240,68.26768132646188,1493,28600,0.07205679910942248,249.76405,136.85,64.22702475741679,155.67809,7347.8374
232.0909090909091,159.86768087218954,277.36707,3,147.80297314857228,40001,149.14961,481.52083263636365,170.5,,,,,,,,,,,,,,,,,,
,,,,,40109,,,,11,1751,45,10,0.0003,3385,359.5,359.54047460000004,1244,203.58621663613133,1557,30400,0.13969886855821131,293.87665,143.2,203.58621663613133,141.54839,6864.302
,,,,,40664,,,,11,1808,45,11,0.0003,3480,363.2,363.16854696,1248,215.44324004263004,1594,31400,1.570339836086283,288.58435,145.81,215.44324004263004,161.20691,6977.6406
,,,,,41091,,,,11,1854,46,11,0.0003,3556,361.2,361.20075433000005,1252,223.01880412542752,1624,32200,3.6485370198595573,280.89355,145.41,223.01880412542752,166.26337,6488.254
,,,,,41525,,,,11,1911,46,11,0.0003,3651,367.9,367.94153488000006,1256,129.30847105699516,1661,33200,6.7705526195579075,245.69037,148.42,129.2103324201414,168.20851,7217.8438
,,,,,41781,,,,11,1934,47,11,0.0003,3690,358.2,358.22887135,1260,249.42259929246111,1676,33600,6.81918597724846,284.4393,145.11,249.42259929246111,171.15346,7328.002
,,,,,42222,,,,11,1991,47,11,0.0003,3786,356.1,356.09729021,1264,252.07003462056903,1714,34600,0.8046086046997692,282.31598,144.86,252.07003462056903,195.63287,6113.31
,,,,,42317,,,,11,2003,47,11,0.0003,3805,350.9,350.89084663,1268,255.88237367921442,1721,34800,17.692193337495027,277.7667,142.29,255.88237367921442,176.89836,6595.212
,,,,,42419,,,,11,2014,47,12,0.0003,3824,342.5,342.48372330000007,1272,253.7797861963136,1729,35000,22.034383863616192,280.8177,138.87,253.7797861963136,271.01038,7536.5513
,,,,,42791,,,,11,2049,48,12,0.0003,3883,344.7,344.74917673000004,1276,188.41983557598033,1752,35600,14.813652646820845,300.4195,139.04,188.41983557598033,186.17377,7132.3
,,,,,43423,,,,10,2129,48,12,0.0003,4018,346.0,345.97095028,1280,54.942539669151884,1806,37000,2.3327816491427913,243.28738,139.49,50.89359517985096,191.44812,6568.3467
,,,,,44208,,,,10,2221,49,13,0.0003,4174,341.9,341.92364956,1284,202.3647000254171,1869,38600,0.19883615849546166,316.2948,140.43,202.3647000254171,164.56549,6366.4927
,,,,,44944,,,,10,2301,50,13,0.0003,4312,350.0,349.9754541500001,1288,53.54233861703108,1925,40000,0.8074375395792247,261.4559,142.51,53.362636109599094,196.7067,7213.996
,,,,,45281,,,,10,2336,50,13,0.0003,4371,343.9,343.93286814999993,1292,246.9847345653495,1949,40600,3.4285524524063384,284.40744,140.74,246.9847345653495,177.16463,6636.208
,,,,,45795,,,,10,2393,51,13,0.0003,4470,344.6,344.64849175999996,1296,125.46174990602493,1990,41600,4.2881364523358725,264.37506,140.53,124.44770676411885,197.7758,7653.8496
,,,,,46526,,,,10,2485,52,14,0.0003,4628,348.8,348.76030609000003,1300,86.61468582286675,2055,43200,0.4423643866386519,226.79707,141.37,86.61468582286675,166.14824,6005.214
,,,,,47485,,,,9,2588,53,14,0.0003,4809,363.8,363.8159771,1304,49.47498940197646,2130,45000,0.20346545659293275,289.04968,146.05,49.15236507822896,162.06932,6123.621
,,,,,48110,,,,9,2668,54,15,0.0003,4949,367.7,367.72618925999996,1308,128.69993090555192,2189,46400,1.3003238825317893,256.71414,146.33,128.22706785386103,140.11755,5675.8843
,,,,,48918,,,,9,2760,54,15,0.0003,5110,376.2,376.22221394,1312,95.43373932900396,2257,48000,0.531493865866192,295.15488,148.63,95.31887154171,170.86812,6748.3057
,,,,,49550,,,,9,2829,55,15,0.0003,5232,376.5,376.52623347,1316,76.01326155230802,2308,49200,1.7073932216643082,252.29007,147.6,76.01326155230802,188.57568,7223.59
169.63636363636363,211.03246663609318,251.04869,2,65.44505209273335,50001,66.74273,526.8365436363636,229.6,,,,,,,,,,,,,,,,,,
,,,,,50374,,,,9,2921,56,16,0.0003,5398,380.7,380.7379394400001,1320,118.2350229479588,2378,50800,0.9422444851907766,305.84952,149.11,118.2350229479588,182.83647,6724.3657
,,,,,51273,,,,9,3024,57,16,0.0003,5582,395.6,395.55245439,1324,83.31654532053113,2458,52600,0.15664273227801875,272.16168,153.54,80.2768641958951,200.00299,6798.9487
,,,,,51884,,,,9,3092,58,17,0.0003,5706,396.6,396.56768705999997,1328,87.21200312037482,2512,53800,2.891966330989045,281.97406,153.52,86.5067444096007,197.83403,6969.6807
