eval_qs,eval_qs_difference,total timesteps,eval_eplenmean,eval_discount_q,eval_abs_qs_difference,eval mean 100 episode reward,eval_ep_rewmean,eval_returns,eval_time_elapsed
-0.7340666,78.67390697927411,1,988.3636363636364,-83.61820205450876,78.73807,-872.3,-869.6361545454546,-842.9860229382101,31
,,379,,,,,,,
-0.7769234,71.70008854489618,1001,939.5454545454545,-89.21901950207243,71.700516,-824.0,-777.0189631818182,-808.9647044719308,29
-0.8445957,74.5673658830762,2001,913.7272727272727,-82.98988724153136,74.5711,-816.5,-818.2556386363635,-986.592353075192,29
,,2468,,,,,,,
,,2857,,,,,,,
-0.6947417,70.8882203822574,3001,853.4545454545455,-83.36238253218737,70.8883,-791.3,-711.842821909091,-917.8637862398946,27
-0.7081098,58.631694706093455,4001,670.2727272727273,-75.27209017953314,58.63591,-759.7,-559.896525090909,-81.44679571866557,21
,,4075,,,,,,,
-0.7556913,65.32871037156238,5001,693.6363636363636,-79.37917912957826,65.32962,-717.7,-589.6400401818182,-935.5990863712375,22
,,5248,,,,,,,
-0.7279482,67.49672729724301,6001,764.1818181818181,-82.26862572037406,67.49687,-713.5,-675.7750327272727,-798.7856044683008,24
,,6399,,,,,,,
,,6586,,,,,,,
,,6829,,,,,,,
-0.75583595,65.76596294101103,7001,862.3636363636364,-82.22924494316115,65.76623,-713.2,-699.2128805454545,-663.707499520451,27
-0.76826894,72.55388385972623,8001,1000.0,-82.31809879087326,72.554474,-723.4,-814.7164456363637,-782.3800581540307,31
,,8895,,,,,,,
-0.77038854,71.96161724647038,9001,876.7272727272727,-86.64934390451924,71.961975,-712.2,-736.7882857272728,-791.9544707411256,27
-0.71410435,64.58544803556097,10001,789.4545454545455,-82.10150853520567,64.619995,-695.7,-629.1131997272727,-804.3427309253066,24
,,10987,,,,,,,
-0.6840529,66.29022962124056,11001,803.9090909090909,-79.17793838213275,66.323685,-679.6,-681.3842393636364,-898.4296407807701,25
,,11169,,,,,,,
,,11467,,,,,,,
,,11862,,,,,,,
-0.7213229,72.13443870466826,12001,917.7272727272727,-82.14994168027191,72.134575,-687.0,-776.2853025454547,-861.8689574252433,29
,,12975,,,,,,,
-0.6780223,67.96301084805657,13001,754.5454545454545,-76.90803608138475,67.96422,-692.3,-674.2212250909091,-899.5888549119492,23
,,13490,,,,,,,
,,13884,,,,,,,
-0.7470102,68.99032765807009,14001,912.5454545454545,-83.68725576542334,68.99067,-710.8,-762.0330040909091,-904.9738807286808,28
,,14393,,,,,,,
-0.76957804,68.45364512632,15001,910.4545454545455,-78.07448814551866,68.454056,-727.0,-766.7737979090908,-1011.9573751861732,28
,,15721,,,,,,,
-0.7618259,74.34352145203663,16001,852.9090909090909,-80.37825879180562,74.39135,-729.1,-769.5262912727273,-828.0094585396967,27
,,16063,,,,,,,
,,16186,,,,,,,
,,16536,,,,,,,
,,16746,,,,,,,
-0.7349821,70.24487167874484,17001,863.1818181818181,-87.18083521642833,70.476555,-726.6,-742.1832826363635,-835.1952139117683,26
,,17269,,,,,,,
-0.7270033,65.19960757871355,18001,773.2727272727273,-79.17820223879255,65.20324,-717.9,-652.1192201818182,-937.3054857007334,24
,,18431,,,,,,,
,,18677,,,,,,,
,,18841,,,,,,,
-0.78283954,67.19906272059198,19001,848.3636363636364,-83.38306728710397,67.199425,-727.0,-710.9488509090909,-777.7740646960383,26
,,19033,,,,,,,
,,19318,,,,,,,
,,19959,,,,,,,
-0.7662208,65.56782555501348,20001,834.7272727272727,-75.89423925332594,65.56802,-736.6,-698.4310589090909,-110.7906648171131,26
-0.7244502,67.27796763182994,21001,839.5454545454545,-82.91144407918624,67.27815,-720.3,-695.4310762727273,-811.0201495393152,26
,,21199,,,,,,,
-0.69604534,67.55562210824318,22001,754.4545454545455,-81.26158991943534,67.555954,-719.9,-669.4834205454546,-113.19172058511273,23
-0.76008725,65.01588155848012,23001,762.9090909090909,-83.02145181421353,65.01699,-707.8,-648.9008903636364,-832.1308903005582,24
,,23426,,,,,,,
-0.7240957,64.54632867018391,24001,749.0,-77.32351198692884,64.55167,-703.3,-639.1329259999999,-103.76883980936647,23
,,24660,,,,,,,
-0.6613796,98.73935185478558,25001,1000.0,-118.752630597898,98.74085,-728.9,-1111.5724189090909,-1152.2281648246656,31
,,25836,,,,,,,
23.564302,-54.0329476904009,26001,1000.0,86.19160176940017,54.72134,-573.5,861.3021768181818,858.3391047589367,31
64.91981,-24.253484538508737,27001,1000.0,95.35212184463784,29.950764,-387.7,986.1315689090909,987.4302017676952,31
89.15275,2.9149004401605896,28001,1000.0,94.4547797665045,11.084283,-207.7,955.8887709999999,955.5362656223897,31
98.86336,18.774202304930075,29001,1000.0,88.1882741318245,18.774202,-25.8,888.1979713636364,885.9381737047219,31
,,29836,,,,,,,
102.001564,39.106403832472324,30001,1000.0,71.67190599999505,39.1064,122.0,699.9067472727273,770.6816094521441,31
99.79155,57.95825227756441,31001,1000.0,59.28137818189188,57.958256,257.6,477.02151072727264,471.16211423062447,31
105.15821,22.123937715867363,32001,1000.0,92.05758397957284,22.124086,418.3,921.4797801818182,927.721926734578,31
105.39926,20.310622107500578,33001,1000.0,87.18979741368949,20.310621,597.6,937.2042099090909,951.4206898318279,31
,,33836,,,,,,,
106.82484,24.630159184400938,34001,1000.0,98.1395120319721,24.676336,808.8,919.1048993636366,942.4375395807161,31
108.0654,26.40545207168394,35001,919.1818181818181,107.31845767935457,27.311779,851.4,884.4966791818183,938.5831171320461,29
109.54712,36.15520101756724,36001,911.2727272727273,102.47169479093672,39.145184,837.8,829.7866703636363,836.8723063275397,29
113.48762,54.49576331024613,37001,1000.0,86.28649668793376,54.625954,808.7,675.3421249090909,602.9701418221495,32
,,37836,,,,,,,
118.19311,59.48785774551431,38001,1000.0,89.31343444816139,59.50149,783.4,675.4726529999999,648.9499819042156,31
119.18714,55.179908503554316,39001,835.5454545454545,94.64455212993101,55.182472,774.6,660.6167455454544,773.1345207592042,26
112.95197,72.92512079134394,40001,914.8181818181819,76.15030584600714,72.92512,766.2,447.48695390909086,796.6429475432576,28
111.55449,51.380900032391395,41001,747.7272727272727,82.12173200236526,52.51566,738.1,598.2954886363636,942.9036866130081,23
,,41034,,,,,,,
112.12168,65.69627626014652,42001,518.1818181818181,77.67133360773481,66.60389,684.4,342.4182968181818,-166.15920714036648,16
113.04453,61.673756550652186,43001,780.6363636363636,83.47873278159459,61.817444,629.1,504.2675445454546,770.7097602040128,24
,,43871,,,,,,,
122.42776,17.63660196299811,44001,925.4545454545455,119.46383022266558,26.174065,644.8,1078.4074042727273,1337.6385396323008,29
119.6525,60.985380522152106,45001,1000.0,108.74194729497435,61.455517,638.4,694.3257205454545,467.92005548502647,31
111.29988,29.597768810680613,46001,866.0909090909091,104.68280133099721,30.455626,644.3,833.6339639999999,986.949669923852,27
,,46903,,,,,,,
120.208305,51.957043973980035,47001,834.3636363636364,113.29023570655367,53.07913,658.5,731.8354488181818,205.911220486451,26
124.525665,23.827690626584555,48001,768.7272727272727,124.42727397453883,32.396397,684.0,924.4509788181819,956.5335585382743,24
,,48754,,,,,,,
131.25104,39.973853683054685,49001,870.0,118.92741638829324,43.447556,740.9,930.482718,517.0251508310356,27
136.40314,31.677030089770184,50001,984.3636363636364,119.12281719989848,34.51151,789.1,1148.9573642727273,1181.6055458308483,30
124.42454,27.683640957199238,51001,755.8181818181819,121.60347595340718,31.813274,848.8,882.066991,64.18463687950572,23
,,51971,,,,,,,
146.96169,16.589914543790716,52001,932.3636363636364,149.7023383882167,27.1653,936.3,1366.8112038181816,1667.415926150246,28
135.98903,34.517446984416914,53001,942.3636363636364,109.73592051302339,39.670773,958.6,1067.801799181818,1145.3259316894673,29
136.99281,30.781436289780604,54001,844.7272727272727,135.09022772734787,44.443928,988.3,1094.9817653636364,1402.0802164940214,26
141.46094,24.913868315807516,55001,1000.0,132.75960194893227,31.607367,1039.9,1296.902656181818,1323.4335590952392,31
,,55238,,,,,,,
155.56683,59.298412890142345,56001,596.8181818181819,122.1164867755334,62.766514,1058.5,795.2932747272728,81.45654359347505,18
155.13368,42.7738081717879,57001,724.6363636363636,145.22162408884606,45.895687,1062.1,998.9948090909089,296.2783591321976,22
,,57726,,,,,,,
139.13705,66.82341976663298,58001,653.7272727272727,100.60263287832332,68.13993,1041.2,658.7421817272726,52.059498073184734,20
167.94664,57.28084672148845,59001,747.6363636363636,140.17914740301674,58.946163,1026.9,1072.9890634545454,1064.6241505105759,23
,,59025,,,,,,,
165.84064,46.905729517069545,60001,941.6363636363636,137.37880171182385,47.803894,1052.7,1253.834448818182,1240.7568024868972,29
165.4605,69.8803233001985,61001,644.7272727272727,118.54819404106219,70.69251,1021.2,817.528895818182,105.01273932600179,20
160.23154,45.94105122753574,62001,785.3636363636364,137.35049051341704,48.340027,1008.7,1080.6620090909091,1280.1520920720336,24
,,62114,,,,,,,
153.02727,41.37500320962179,63001,795.8181818181819,143.81750190220038,42.99216,1000.3,1031.8915351818182,558.706771993209,24
134.7062,43.63241138807907,64001,791.1818181818181,130.30116569414741,46.87186,965.0,906.4966540909091,1121.193674743607,25
,,64337,,,,,,,
163.69252,29.194798423320382,65001,946.8181818181819,152.40775122258714,33.539433,1003.9,1416.7020927272729,1743.2589213173749,29
,,65968,,,,,,,
191.0189,51.19091234887713,66001,692.1818181818181,162.83179800088348,53.215836,1042.8,1163.799035636364,1174.765938532602,21
158.06802,39.11865761443872,67001,812.8181818181819,149.98523557457156,44.81398,1083.2,1121.831818909091,990.0751400691697,25
150.73956,40.51446446783023,68001,731.0,155.70417989658196,48.095585,1084.9,929.1142600000002,1033.7072012064314,23
,,68222,,,,,,,
181.7551,58.68261766393089,69001,737.9090909090909,154.34163794217105,64.385414,1074.1,1118.937926090909,441.7017569340485,22
179.86823,60.20334574416858,70001,668.9090909090909,152.53657110267977,63.34254,1075.1,1043.1810242727274,568.1212245101055,20
,,70927,,,,,,,
185.28587,52.31083632399429,71001,836.4545454545455,157.16982381578947,53.611996,1123.6,1325.0259154545454,1289.1165590904754,26
170.44855,54.97515795800195,72001,719.9090909090909,159.43265074806197,56.847904,1114.0,998.2719169090909,903.8759644145199,22
179.041,59.22150329357032,73001,721.7272727272727,160.88116427746644,60.140137,1128.2,1063.7487446363637,1386.1870950818034,22
,,73452,,,,,,,
180.42767,57.1201798259741,74001,885.8181818181819,174.79428586100522,59.379025,1107.3,1227.566302818182,1865.073462295542,27
193.02289,82.77624934022786,75001,483.3636363636364,153.60035369631703,83.93637,1061.4,717.275342,445.59839769334917,15
217.48769,45.9955276423297,76001,908.7272727272727,193.94910863417607,47.79913,1143.7,1806.3378120909088,296.6615460009892,28
206.30957,64.83848620514794,77001,705.3636363636364,153.91701644005812,65.38967,1154.5,1194.7394319090909,1321.1998409350865,21
,,77452,,,,,,,
161.05981,70.03134028893186,78001,646.9090909090909,133.21383232523948,73.741844,1120.7,776.8214570909091,1120.267198389959,20
196.23053,84.79225855543555,79001,622.8181818181819,141.41842926960948,85.468666,1127.9,994.3263915454547,70.98740386939097,19
,,79988,,,,,,,
192.90028,74.94292697759278,80001,633.1818181818181,154.55608738462035,76.305244,1093.0,979.4578758181818,651.925333180751,19
151.13203,26.62034111577922,81001,957.9090909090909,175.99773685619687,30.499128,1113.2,1344.2349247272725,1136.9397805942997,30
,,81434,,,,,,,
204.15572,43.68794262911114,82001,971.0909090909091,181.52833420195046,44.569637,1193.6,1736.4668082727273,2114.3990560688326,30
203.09557,84.03745749934961,83001,507.6363636363636,152.75106938169495,84.74097,1167.7,828.3599829999999,343.7503292999229,16
190.30884,38.570634294075994,84001,894.9090909090909,180.85245280591417,41.52799,1226.9,1561.3349313636363,1401.508453321288,27
201.68378,54.780940993857236,85001,803.7272727272727,173.13392852871246,56.910305,1200.3,1458.481526909091,2015.5388852469819,24
,,85005,,,,,,,
226.32379,50.18283086915831,86001,918.8181818181819,187.9236906854695,51.63713,1281.8,1889.553045181818,1618.7170544597989,28
219.4016,34.56424102145677,87001,904.0909090909091,200.75202298014446,39.32751,1399.1,1889.646088181818,1797.9248537156598,27
,,87796,,,,,,,
192.58023,58.41435623865896,88001,852.2727272727273,180.48142942314303,61.147385,1429.6,1346.2791989090908,1695.8594031144537,26
190.65121,31.978294446083314,89001,899.0,201.55420860877155,38.20944,1506.2,1607.4682066363637,1747.2241775619186,27
192.3349,72.47700781489962,90001,616.1818181818181,171.43232706731735,74.335144,1483.6,975.4776358181819,120.15084510298527,19
203.92372,51.05036960438019,91001,899.2727272727273,182.9869048176947,55.104946,1468.0,1607.9020639090909,1459.176084732631,27
,,91020,,,,,,,
192.84184,51.154782464829644,92001,805.5454545454545,179.23730358035675,55.47599,1529.2,1413.2862319090912,188.74204902075246,25
204.09502,37.790968343592425,93001,795.8181818181819,211.3291473276957,41.915585,1529.7,1545.0625860909092,1569.9502376010694,24
,,93395,,,,,,,
185.31439,24.41966798239515,94001,1000.0,204.48821998647455,29.530687,1557.3,1811.3905579999998,2317.8298088497713,31
211.57497,24.354575387352085,95001,933.2727272727273,214.46330181569536,31.52703,1588.3,1972.9957663636364,643.5125747011339,28
228.38197,44.493412848940494,96001,858.8181818181819,199.03568734708517,50.887997,1585.4,1928.5967280909092,1740.6892344459848,26
,,96461,,,,,,,
193.68495,42.35526560169851,97001,833.8181818181819,189.35137900791995,45.173,1585.8,1499.6006713636366,1264.098822286881,26
240.5166,45.628079399781456,98001,955.1818181818181,199.69275720202492,45.95588,1633.4,2066.1981692727272,2323.4990434062247,29
198.90805,23.83780253004137,99001,973.4545454545455,206.9224499033254,29.81616,1732.7,1895.4055891818184,972.7091547871051,30
193.73402,76.33622513542319,100001,590.5454545454545,178.97246178127696,78.46348,1687.6,929.6908796363637,332.0604082620367,18
,,100144,,,,,,,
211.34956,79.97199240279627,101001,555.4545454545455,174.98637384433167,82.480865,1597.9,957.7741719090908,1217.2399135782257,17
238.63335,66.71692367966615,102001,689.7272727272727,200.92261642531204,68.93537,1630.2,1558.282345272727,76.21620210793226,21
,,102451,,,,,,,
224.18146,59.63762324901038,103001,737.8181818181819,194.71774293289684,64.28131,1629.9,1595.9704100000001,60.13180494665898,23
207.02753,33.123362538176856,104001,924.4545454545455,210.86479705140135,37.81323,1588.1,1822.2893487272727,1123.0544618448798,28
166.87895,29.94453270604181,105001,923.5454545454545,205.67225025125498,33.782444,1525.4,1439.014249,2382.3587656457653,28
,,105401,,,,,,,
174.95827,48.321627438888875,106001,840.9090909090909,189.86979624420744,50.791126,1504.4,1297.2835467272728,1187.8754027256234,25
195.21544,44.51502071350403,107001,788.1818181818181,193.4188875456822,48.176937,1456.4,1387.7278054545454,573.7967939327289,24
214.673,67.10471012059571,108001,617.1818181818181,203.39959146177742,70.05795,1341.6,1089.6924446363637,1660.3965757790884,19
,,108346,,,,,,,
180.94325,55.03758065368073,109001,782.6363636363636,175.8529384150049,57.88184,1351.8,1200.686891909091,2181.5030684320864,24
188.06172,22.68688441506354,110001,992.6363636363636,214.5672537410874,29.513428,1457.0,1849.155428727273,1326.1730605181326,30
157.3765,32.069557570599386,111001,917.0909090909091,196.73884050750678,35.044003,1415.7,1308.0375695454545,2034.6264065508024,28
,,111458,,,,,,,
139.25035,46.91668381508709,112001,828.7272727272727,153.5631381193364,49.90621,1385.2,994.5239614545454,84.18696874990314,26
228.23102,25.677111366242652,113001,962.2727272727273,224.61925866266748,34.541206,1407.0,2167.3594014545456,2671.9850532677547,29
232.38876,70.06151196100909,114001,580.7272727272727,208.21946210637725,72.829765,1403.9,1207.438750636364,1649.8800295074318,18
,,114108,,,,,,,
233.74742,55.92738143443269,115001,856.9090909090909,216.787258438595,59.574608,1438.1,1824.8568916363636,1769.3417208584592,26
,,115861,,,,,,,
191.55772,74.4394499329339,116001,691.2727272727273,140.18479804741767,77.463326,1410.8,1057.4777357272728,1019.8519876064553,21
248.34401,72.23295091975648,117001,644.1818181818181,214.51399445375475,74.03059,1446.3,1424.8768937272728,708.6300087326498,19
,,117879,,,,,,,
254.70189,49.06304815226285,118001,861.0909090909091,227.4654573080138,52.334644,1535.7,2050.930988090909,2419.0413228513135,26
211.04137,28.775090593673436,119001,975.8181818181819,224.05922356399617,33.67707,1566.2,1988.3501682727272,990.5960452305378,30
,,119519,,,,,,,
232.63121,94.58815313386131,120001,538.7272727272727,171.3652939617755,96.93991,1540.4,1073.0899254545454,675.9723740667075,16
263.00443,49.04328925902609,121001,1000.0,229.56024490869393,49.768505,1653.2,2366.8762224545458,2583.445595623152,31
,,121510,,,,,,,
220.99019,43.55124481784096,122001,963.0,182.48528769228918,45.73612,1674.5,1875.6489121818179,993.9127573492256,29
213.33026,68.47421067757035,123001,769.5454545454545,173.75480637252232,70.351326,1697.7,1448.9766029090908,43.05633644848658,23
256.33588,53.462382390289896,124001,930.9090909090909,212.9422037696215,55.53873,1706.1,2140.9192544545454,2338.476718628038,28
,,125000,,,,,,,
248.3457,47.38733048593382,125001,968.4545454545455,235.62272889268885,49.51741,1815.8,2173.678932909091,2388.694779923753,30
281.96103,99.9369335727365,126001,496.27272727272725,194.47900385256278,101.29243,1807.5,1275.4349159090907,786.0902833007742,15
216.1816,74.54275531838898,127001,776.9090909090909,172.41373032166175,75.64941,1762.2,1332.157864090909,1141.0976395547605,24
,,127378,,,,,,,
226.89653,78.00901577163701,128001,717.7272727272727,189.94928645639993,80.09273,1644.7,1303.2428770909091,2699.5046482317402,22
262.1536,95.95854472723303,129001,585.0,205.88141288197676,98.1621,1675.5,1323.3850968181816,800.7851429332342,17
242.04037,50.99785563826088,130001,923.3636363636364,217.72177678322734,54.20145,1657.8,1980.0412897272727,1777.4520618492102,28
,,130814,,,,,,,
271.17615,64.65108132851903,131001,692.3636363636364,243.58269917593117,67.89267,1645.4,1729.5659584545456,598.4761777080512,21
248.0704,60.36545155909632,132001,841.8181818181819,226.1104954565115,62.761997,1668.5,1870.849530363637,660.4261345920426,25
252.42625,54.66249963210066,133001,891.0,226.50530538743945,57.09399,1676.4,2053.2930695454547,2871.361500808341,27
250.86641,85.07268189894009,134001,612.6363636363636,219.12419577036005,89.23235,1609.2,1359.1766647272727,75.67647192185133,18
,,134814,,,,,,,
280.28992,34.11986037748931,135001,905.6363636363636,258.2436664732275,46.36432,1681.0,2494.3932998181817,2764.8203251687596,27
248.48174,76.00739458834275,136001,670.2727272727273,216.93858814393198,80.21552,1741.5,1530.9374929090911,31.838897163568813,20
256.08044,60.95626763505341,137001,733.9090909090909,234.13935265831878,64.03769,1791.1,1695.6537745454543,1003.0901261623228,22
,,137496,,,,,,,
282.83832,83.53124510813713,138001,532.5454545454545,236.81771652354772,91.09874,1797.2,1472.04924,1649.6232483118347,16
256.3904,58.863005185297055,139001,610.5454545454545,252.56826091942503,64.19742,1745.6,1389.5765926363636,1219.5463229703296,18
,,139087,,,,,,,
236.46576,70.75900554220699,140001,618.9090909090909,222.3133968198711,77.8238,1674.9,1288.7088959090909,1410.3151888388443,19
299.5449,54.908495476895496,141001,636.0909090909091,272.1442520097449,63.676132,1661.0,1873.918269090909,1576.6799071901444,19
219.2043,57.64690582247306,142001,761.9090909090909,230.64846572794693,60.864967,1631.2,1416.6192308181814,1102.7837574045102,23
,,142176,,,,,,,
288.88742,80.16937426950652,143001,643.6363636363636,231.18770151150446,87.876495,1651.2,1823.2725793636362,48.253973993734284,19
300.33917,91.53860831791593,144001,464.09090909090907,251.00702249585464,94.234886,1573.2,1295.9041873636363,205.65506366644436,14
,,144110,,,,,,,
293.87122,59.08256766871556,145001,732.2727272727273,259.75523649680224,65.732475,1568.7,2034.7689728181817,3243.2861821463002,22
274.20096,92.34475043486381,146001,747.8181818181819,220.2632555598476,95.19207,1606.5,1855.5408147272728,2347.1588261318957,23
,,146738,,,,,,,
300.0222,47.315056162477624,147001,1000.0,257.8188953944956,49.568447,1726.4,2782.3124237272727,2959.519320491913,31
317.41812,63.78744434199034,148001,902.4545454545455,263.7673386850727,69.31739,1877.3,2668.1877883636366,2831.4978840183157,27
,,148614,,,,,,,
272.03918,93.66624926798134,149001,688.6363636363636,212.63534196435637,98.25098,1921.7,1684.1140730909092,3222.3739054943526,21
312.81796,80.69962498103206,150001,869.3636363636364,231.8887010148709,83.83625,1988.8,2440.7073376363633,2971.2485263920594,26
321.05344,85.09595539017215,151001,1000.0,250.79830693036183,85.50523,2106.6,2607.8648553636363,2623.862787625592,30
306.10168,94.03425626924474,152001,568.7272727272727,231.33932290274308,97.11013,2079.8,1618.0620740909092,2555.2734030447464,17
,,152493,,,,,,,
245.54042,98.88549978392233,153001,583.9090909090909,180.87858728391495,101.92319,2077.8,1104.7522385454545,430.0487410393995,18
311.3108,66.12329588952429,154001,935.1818181818181,277.1693444707669,68.587845,2142.8,2600.1856390909093,2935.745062067641,28
215.38747,88.36297412993862,155001,633.7272727272727,159.57929913931764,91.950325,2105.0,1168.7570515454545,19.94778058727947,19
,,155356,,,,,,,
302.90817,103.44536906191315,156001,599.0909090909091,197.47632391956256,110.4179,1987.4,1894.8289235454547,2859.1509727758116,18
322.53067,75.73242508325103,157001,733.7272727272727,262.4166097124055,84.92462,1953.8,2383.8588139090907,3073.362421944246,22
270.2318,78.01377102903443,158001,734.0909090909091,272.93043115491804,86.476555,1964.4,1722.640071,1297.4580470638089,22
,,158144,,,,,,,
331.5621,42.40438430580536,159001,1000.0,273.5174908568921,51.624023,2032.3,3162.3596166363636,3188.6134210863743,30
289.09665,48.7034470830339,160001,982.1818181818181,279.92036022542544,62.04508,2061.4,2625.8435418181816,241.42165583021097,30
325.38745,64.147809520775,161001,767.5454545454545,284.92117776376216,71.70186,2124.7,2399.036964090909,1420.901483743702,23
,,161749,,,,,,,
294.50705,62.2261028785669,162001,842.1818181818181,231.55747283660412,68.36299,2206.8,2351.964474,3277.611030993343,25
231.31323,77.00687841817421,163001,841.6363636363636,210.53270235972607,79.70612,2177.1,1612.7383055454543,619.7808950696605,26
229.60014,77.46468882151059,164001,859.4545454545455,255.66870191262777,79.60778,2145.1,1516.4614451818181,1890.4582640195451,26
244.06163,93.25124536622216,165001,734.6363636363636,227.2255663699245,94.21531,2130.9,1216.0222783636366,2128.401905840644,22
,,165020,,,,,,,
284.47336,57.10478192563972,166001,923.1818181818181,279.0534713990447,67.162224,2113.5,2322.469065454545,3276.970251652028,28
,,166593,,,,,,,
285.18195,96.84280967247878,167001,734.2727272727273,263.43643792818415,101.30004,2129.0,1730.5293616363635,127.0645557575654,22
305.63937,41.001670588795626,168001,943.9090909090909,276.73779194059307,49.66615,2072.8,2783.0513465454546,3485.4785475232848,28
318.2992,51.083542213412535,169001,911.6363636363636,249.58451450639632,65.70446,2072.3,2858.788426909091,3223.012958536942,27
,,169920,,,,,,,
337.20398,58.385477217846756,170001,860.9090909090909,271.38742084007777,71.8882,2143.0,2891.545551272727,2606.6729152731937,26
322.28055,36.9097587112014,171001,912.5454545454545,306.1452816448707,54.20956,2215.2,2939.6216464545455,3502.77479323182,27
343.62204,94.0203077796075,172001,697.5454545454545,248.0765123208005,104.69321,2271.5,2408.4811602727273,3504.324472427762,21
303.09622,33.54475953954533,173001,971.9090909090909,299.61684752118157,52.582798,2424.6,2905.4683564545453,3496.0959751098885,29
,,173491,,,,,,,
363.3532,26.000564985583477,174001,935.4545454545455,328.88105081337284,61.325844,2699.6,3550.504876909091,981.9466353215545,28
368.527,24.659627213345765,175001,1000.0,339.7043429745857,53.65579,2854.4,3774.9807750909094,3742.0523525470694,30
324.8297,82.42550845320298,176001,910.0909090909091,288.62896321971306,91.76254,2928.9,2703.3564220909084,3669.479032292277,27
,,176922,,,,,,,
350.73874,64.1793218583219,177001,994.0,288.26075737529806,69.30403,3013.3,3135.815013636364,2490.854050490195,30
330.96973,65.5632872674488,178001,906.3636363636364,267.0041765109649,78.35119,3026.6,2895.2349489999997,3233.7641917979345,27
324.52817,39.36467759726363,179001,1000.0,322.80962713132357,51.863113,3027.4,3171.2164876363636,2210.828037879227,30
376.98712,26.91578618296542,180001,939.8181818181819,330.3562920265689,53.76411,3137.3,3647.8128951818176,3666.2280900621254,28
,,180104,,,,,,,
379.9095,48.31113885392262,181001,1000.0,312.7678385130249,55.79979,3240.0,3625.623481545455,3611.333292624395,31
350.68,36.1278993121699,182001,947.7272727272727,307.48668867593693,59.625484,3298.3,3311.056239181818,4011.673343599563,29
384.2009,27.889122708580487,183001,938.5454545454545,338.3133520549858,60.23691,3306.6,3724.6204,3985.6394566102285,29
,,183933,,,,,,,
384.13947,30.846636433717265,184001,1000.0,334.8303611060758,56.28268,3344.7,3864.410374181818,3830.082398001863,30
362.88354,44.16307678528896,185001,889.1818181818181,319.27079524572713,60.264126,3421.6,3206.389490090909,1410.195104329589,27
389.94864,32.87133759390286,186001,941.0,345.6071543666653,58.18588,3444.4,3721.1603744545455,4035.404233375972,28
376.3551,90.04228119620198,187001,923.8181818181819,305.8250175666895,96.777435,3470.4,3040.8889673636363,3574.83087528751,28
,,187302,,,,,,,
344.73508,85.53656386191824,188001,764.4545454545455,294.6200448686895,94.53565,3388.5,2248.1091447272725,1371.6577084740202,23
391.89767,90.30802734112427,189001,876.0,320.20450907240433,93.28271,3328.3,3110.2515789090908,3182.9106416211853,26
402.7507,55.50248693775236,190001,983.6363636363636,347.48123599781707,61.379196,3330.1,3759.5290142727276,4052.0476973151094,30
377.72968,89.32855883385403,191001,741.9090909090909,318.4544220745056,93.24024,3250.7,2546.082034272727,3879.4878767412447,22
,,191042,,,,,,,
403.2025,61.483359081580126,192001,946.7272727272727,341.99396788724556,68.53063,3242.3,3597.9276685454547,3757.676151873929,28
406.9971,50.304783900152145,193001,939.0,353.418296661515,61.84015,3223.0,3749.22799590909,3992.3335952712337,28
406.82697,56.00632685060263,194001,829.0,358.7385851990268,73.724785,3221.9,3406.0086234545456,4074.5005555332837,25
399.31708,59.78673442032104,195001,910.9090909090909,311.3949252646223,76.108284,3224.3,3671.3804321818184,4077.209704241171,27
,,195042,,,,,,,
408.69885,40.93335385572674,196001,997.5454545454545,356.1696329347675,56.318478,3318.4,4021.6193675454547,4146.413556794767,31
408.83102,39.410581376979614,197001,941.9090909090909,368.7984280211642,61.57153,3483.5,3897.1384743636368,4319.989637381957,28
407.66708,61.57996765240943,198001,893.0,338.0783990524244,77.67932,3571.8,3585.7398943636363,4057.776181301515,27
,,198935,,,,,,,
407.9714,54.092829085652326,199001,1000.0,340.9700742622065,59.997887,3598.9,3876.3461051818185,3998.661905130768,30
413.90305,28.92366434125661,200001,978.6363636363636,383.3672732230432,56.53702,3745.9,4148.097283727272,4207.069823629861,29
347.3819,67.56816111501143,201001,1000.0,346.25401803648805,79.97382,3750.1,3140.9287808181807,924.3675539846421,30
,,201974,,,,,,,
408.89066,56.85846333308758,202001,915.8181818181819,348.93520563665044,64.30376,3708.9,3609.2212039999995,4150.8677348622605,27
415.74124,102.7547763839832,203001,737.2727272727273,305.4448919021736,109.76641,3626.0,2958.1320100000003,4064.557476818529,22
418.85706,74.8318941684734,204001,846.6363636363636,346.02172814967156,87.64936,3639.9,3497.176679272727,4141.808716285293,25
423.53152,66.13183586685213,205001,826.3636363636364,354.3881776701159,73.681305,3573.1,3388.4907418181815,3942.521073008831,25
,,205020,,,,,,,
423.38858,62.271144008002196,206001,816.1818181818181,376.0607572104263,78.44816,3540.0,3472.778188818182,2772.27069500681,24
400.76593,84.02961666423784,207001,911.4545454545455,335.80673041604155,93.38411,3499.4,3210.258580636364,2177.7859158506544,27
393.11047,138.74008484686462,208001,586.7272727272727,317.22835287351455,145.6327,3271.5,2001.1455753636362,4011.2725647357943,17
417.85223,90.69929651242236,209001,896.1818181818181,322.7062627572034,96.00871,3251.4,3526.0441377272728,19.047712872657772,27
,,209020,,,,,,,
425.65482,55.92736185731439,210001,904.3636363636364,341.1139724606544,76.23237,3255.1,3868.0181477272727,4192.445734731078,27
